clothing_id,product_name,rating,review_text,recommended_ind,positive_feedback_count,class_name
85123A,WHITE HANGING HEART T-LIGHT HOLDER,4,Absolutely gorgeous item! Exceeded my expectations.,1,6,General
85123A,WHITE HANGING HEART T-LIGHT HOLDER,4,"Great purchase, looks amazing and very comfortable to wear.",1,6,General
85123A,WHITE HANGING HEART T-LIGHT HOLDER,4,"High quality fabric, beautiful color, would definitely buy again!",1,7,General
85123A,WHITE HANGING HEART T-LIGHT HOLDER,5,Absolutely gorgeous item! Exceeded my expectations.,1,7,General
85123A,WHITE HANGING HEART T-LIGHT HOLDER,5,"High quality fabric, beautiful color, would definitely buy again!",1,4,General
85123A,WHITE HANGING HEART T-LIGHT HOLDER,5,"Great purchase, looks amazing and very comfortable to wear.",1,5,General
85123A,WHITE HANGING HEART T-LIGHT HOLDER,5,"Great purchase, looks amazing and very comfortable to wear.",1,4,General
85123A,WHITE HANGING HEART T-LIGHT HOLDER,5,Love this product! The quality is fantastic and fits perfectly.,1,9,General
85123A,WHITE HANGING HEART T-LIGHT HOLDER,5,Absolutely gorgeous item! Exceeded my expectations.,1,8,General
85123A,WHITE HANGING HEART T-LIGHT HOLDER,4,Love this product! The quality is fantastic and fits perfectly.,1,9,General
71053,WHITE METAL LANTERN,4,"Excellent item, super fast delivery and true to size.",1,3,General
71053,WHITE METAL LANTERN,4,Love this product! The quality is fantastic and fits perfectly.,1,4,General
71053,WHITE METAL LANTERN,4,"High quality fabric, beautiful color, would definitely buy again!",1,4,General
71053,WHITE METAL LANTERN,4,Love this product! The quality is fantastic and fits perfectly.,1,1,General
71053,WHITE METAL LANTERN,4,"Excellent item, super fast delivery and true to size.",1,1,General
84406B,CREAM CUPID HEARTS COAT HANGER,5,"Great purchase, looks amazing and very comfortable to wear.",1,6,General
84406B,CREAM CUPID HEARTS COAT HANGER,4,"Excellent item, super fast delivery and true to size.",1,7,General
84406B,CREAM CUPID HEARTS COAT HANGER,5,"High quality fabric, beautiful color, would definitely buy again!",1,0,General
84406B,CREAM CUPID HEARTS COAT HANGER,5,"Excellent item, super fast delivery and true to size.",1,7,General
84406B,CREAM CUPID HEARTS COAT HANGER,5,"Excellent item, super fast delivery and true to size.",1,5,General
84406B,CREAM CUPID HEARTS COAT HANGER,5,"Great purchase, looks amazing and very comfortable to wear.",1,5,General
84406B,CREAM CUPID HEARTS COAT HANGER,4,Absolutely gorgeous item! Exceeded my expectations.,1,1,General
84029G,KNITTED UNION FLAG HOT WATER BOTTLE,2,Not worth the money. Very expensive for such basic quality.,0,3,General
84029G,KNITTED UNION FLAG HOT WATER BOTTLE,3,Not worth the money. Very expensive for such basic quality.,0,7,General
84029G,KNITTED UNION FLAG HOT WATER BOTTLE,3,Not worth the money. Very expensive for such basic quality.,0,8,General
84029G,KNITTED UNION FLAG HOT WATER BOTTLE,1,Not worth the money. Very expensive for such basic quality.,0,1,General
84029E,RED WOOLLY HOTTIE WHITE HEART.,4,"Great purchase, looks amazing and very comfortable to wear.",1,8,General
84029E,RED WOOLLY HOTTIE WHITE HEART.,4,Absolutely gorgeous item! Exceeded my expectations.,1,0,General
84029E,RED WOOLLY HOTTIE WHITE HEART.,4,Love this product! The quality is fantastic and fits perfectly.,1,8,General
84029E,RED WOOLLY HOTTIE WHITE HEART.,5,Love this product! The quality is fantastic and fits perfectly.,1,7,General
84029E,RED WOOLLY HOTTIE WHITE HEART.,4,"High quality fabric, beautiful color, would definitely buy again!",1,0,General
84029E,RED WOOLLY HOTTIE WHITE HEART.,4,"High quality fabric, beautiful color, would definitely buy again!",1,0,General
84029E,RED WOOLLY HOTTIE WHITE HEART.,4,"High quality fabric, beautiful color, would definitely buy again!",1,9,General
84029E,RED WOOLLY HOTTIE WHITE HEART.,4,"Great purchase, looks amazing and very comfortable to wear.",1,6,General
84029E,RED WOOLLY HOTTIE WHITE HEART.,5,Love this product! The quality is fantastic and fits perfectly.,1,1,General
84029E,RED WOOLLY HOTTIE WHITE HEART.,5,Love this product! The quality is fantastic and fits perfectly.,1,6,General
22752,SET 7 BABUSHKA NESTING BOXES,4,Absolutely gorgeous item! Exceeded my expectations.,1,7,General
22752,SET 7 BABUSHKA NESTING BOXES,4,"High quality fabric, beautiful color, would definitely buy again!",1,0,General
22752,SET 7 BABUSHKA NESTING BOXES,4,"High quality fabric, beautiful color, would definitely buy again!",1,2,General
22752,SET 7 BABUSHKA NESTING BOXES,4,Love this product! The quality is fantastic and fits perfectly.,1,9,General
22752,SET 7 BABUSHKA NESTING BOXES,4,"High quality fabric, beautiful color, would definitely buy again!",1,9,General
22752,SET 7 BABUSHKA NESTING BOXES,5,"Great purchase, looks amazing and very comfortable to wear.",1,2,General
22752,SET 7 BABUSHKA NESTING BOXES,5,Love this product! The quality is fantastic and fits perfectly.,1,3,General
22752,SET 7 BABUSHKA NESTING BOXES,4,Absolutely gorgeous item! Exceeded my expectations.,1,6,General
22752,SET 7 BABUSHKA NESTING BOXES,4,Absolutely gorgeous item! Exceeded my expectations.,1,3,General
22752,SET 7 BABUSHKA NESTING BOXES,5,Absolutely gorgeous item! Exceeded my expectations.,1,6,General
21730,GLASS STAR FROSTED T-LIGHT HOLDER,5,"Excellent item, super fast delivery and true to size.",1,9,General
21730,GLASS STAR FROSTED T-LIGHT HOLDER,5,Absolutely gorgeous item! Exceeded my expectations.,1,8,General
21730,GLASS STAR FROSTED T-LIGHT HOLDER,5,Absolutely gorgeous item! Exceeded my expectations.,1,3,General
21730,GLASS STAR FROSTED T-LIGHT HOLDER,5,"High quality fabric, beautiful color, would definitely buy again!",1,9,General
21730,GLASS STAR FROSTED T-LIGHT HOLDER,4,"Excellent item, super fast delivery and true to size.",1,6,General
21730,GLASS STAR FROSTED T-LIGHT HOLDER,4,Love this product! The quality is fantastic and fits perfectly.,1,8,General
21730,GLASS STAR FROSTED T-LIGHT HOLDER,5,"High quality fabric, beautiful color, would definitely buy again!",1,8,General
21730,GLASS STAR FROSTED T-LIGHT HOLDER,4,"Excellent item, super fast delivery and true to size.",1,8,General
22633,HAND WARMER UNION JACK,4,"High quality fabric, beautiful color, would definitely buy again!",1,4,General
22633,HAND WARMER UNION JACK,4,Love this product! The quality is fantastic and fits perfectly.,1,9,General
22633,HAND WARMER UNION JACK,5,"Excellent item, super fast delivery and true to size.",1,5,General
22633,HAND WARMER UNION JACK,5,Love this product! The quality is fantastic and fits perfectly.,1,0,General
22633,HAND WARMER UNION JACK,5,Love this product! The quality is fantastic and fits perfectly.,1,3,General
22633,HAND WARMER UNION JACK,5,"Excellent item, super fast delivery and true to size.",1,6,General
22633,HAND WARMER UNION JACK,4,"Great purchase, looks amazing and very comfortable to wear.",1,0,General
22633,HAND WARMER UNION JACK,4,Absolutely gorgeous item! Exceeded my expectations.,1,7,General
22632,HAND WARMER RED POLKA DOT,5,"Great purchase, looks amazing and very comfortable to wear.",1,5,General
22632,HAND WARMER RED POLKA DOT,5,Absolutely gorgeous item! Exceeded my expectations.,1,0,General
22632,HAND WARMER RED POLKA DOT,4,Love this product! The quality is fantastic and fits perfectly.,1,1,General
84879,ASSORTED COLOUR BIRD ORNAMENT,4,"Excellent item, super fast delivery and true to size.",1,7,General
84879,ASSORTED COLOUR BIRD ORNAMENT,4,"High quality fabric, beautiful color, would definitely buy again!",1,5,General
84879,ASSORTED COLOUR BIRD ORNAMENT,5,Absolutely gorgeous item! Exceeded my expectations.,1,1,General
84879,ASSORTED COLOUR BIRD ORNAMENT,4,"High quality fabric, beautiful color, would definitely buy again!",1,0,General
84879,ASSORTED COLOUR BIRD ORNAMENT,5,Love this product! The quality is fantastic and fits perfectly.,1,5,General
84879,ASSORTED COLOUR BIRD ORNAMENT,4,Absolutely gorgeous item! Exceeded my expectations.,1,3,General
84879,ASSORTED COLOUR BIRD ORNAMENT,4,"Excellent item, super fast delivery and true to size.",1,3,General
84879,ASSORTED COLOUR BIRD ORNAMENT,5,"High quality fabric, beautiful color, would definitely buy again!",1,2,General
22745,POPPY'S PLAYHOUSE BEDROOM ,3,Overpriced item. You can find better quality for half the price.,0,3,General
22745,POPPY'S PLAYHOUSE BEDROOM ,1,Overpriced for what it is. The material feels cheap for this price point.,0,7,General
22745,POPPY'S PLAYHOUSE BEDROOM ,3,Overpriced item. You can find better quality for half the price.,0,1,General
22745,POPPY'S PLAYHOUSE BEDROOM ,1,Overpriced item. You can find better quality for half the price.,0,8,General
22745,POPPY'S PLAYHOUSE BEDROOM ,2,Overpriced for what it is. The material feels cheap for this price point.,0,6,General
22745,POPPY'S PLAYHOUSE BEDROOM ,2,Felt ripped off. Cost too much for something that looks cheap.,0,9,General
22748,POPPY'S PLAYHOUSE KITCHEN,5,"Excellent item, super fast delivery and true to size.",1,0,General
22748,POPPY'S PLAYHOUSE KITCHEN,4,"Great purchase, looks amazing and very comfortable to wear.",1,4,General
22748,POPPY'S PLAYHOUSE KITCHEN,5,Absolutely gorgeous item! Exceeded my expectations.,1,6,General
22748,POPPY'S PLAYHOUSE KITCHEN,4,Love this product! The quality is fantastic and fits perfectly.,1,2,General
22748,POPPY'S PLAYHOUSE KITCHEN,5,"High quality fabric, beautiful color, would definitely buy again!",1,2,General
22748,POPPY'S PLAYHOUSE KITCHEN,5,"Excellent item, super fast delivery and true to size.",1,5,General
22748,POPPY'S PLAYHOUSE KITCHEN,5,Love this product! The quality is fantastic and fits perfectly.,1,3,General
22748,POPPY'S PLAYHOUSE KITCHEN,4,"High quality fabric, beautiful color, would definitely buy again!",1,7,General
22748,POPPY'S PLAYHOUSE KITCHEN,5,"Excellent item, super fast delivery and true to size.",1,7,General
22748,POPPY'S PLAYHOUSE KITCHEN,5,"Excellent item, super fast delivery and true to size.",1,2,General
22748,POPPY'S PLAYHOUSE KITCHEN,4,Love this product! The quality is fantastic and fits perfectly.,1,8,General
22749,FELTCRAFT PRINCESS CHARLOTTE DOLL,5,"Great purchase, looks amazing and very comfortable to wear.",1,2,General
22749,FELTCRAFT PRINCESS CHARLOTTE DOLL,4,Absolutely gorgeous item! Exceeded my expectations.,1,3,General
22749,FELTCRAFT PRINCESS CHARLOTTE DOLL,5,Love this product! The quality is fantastic and fits perfectly.,1,0,General
22749,FELTCRAFT PRINCESS CHARLOTTE DOLL,5,Absolutely gorgeous item! Exceeded my expectations.,1,3,General
22310,IVORY KNITTED MUG COSY ,4,"High quality fabric, beautiful color, would definitely buy again!",1,0,General
22310,IVORY KNITTED MUG COSY ,4,"Excellent item, super fast delivery and true to size.",1,2,General
22310,IVORY KNITTED MUG COSY ,4,Absolutely gorgeous item! Exceeded my expectations.,1,5,General
22310,IVORY KNITTED MUG COSY ,4,"High quality fabric, beautiful color, would definitely buy again!",1,1,General
22310,IVORY KNITTED MUG COSY ,5,Absolutely gorgeous item! Exceeded my expectations.,1,0,General
22310,IVORY KNITTED MUG COSY ,4,"Excellent item, super fast delivery and true to size.",1,0,General
22310,IVORY KNITTED MUG COSY ,5,Absolutely gorgeous item! Exceeded my expectations.,1,2,General
22310,IVORY KNITTED MUG COSY ,4,"Excellent item, super fast delivery and true to size.",1,0,General
22310,IVORY KNITTED MUG COSY ,5,Love this product! The quality is fantastic and fits perfectly.,1,4,General
22310,IVORY KNITTED MUG COSY ,5,"High quality fabric, beautiful color, would definitely buy again!",1,8,General
84969,BOX OF 6 ASSORTED COLOUR TEASPOONS,1,Ripped along the seam after just one wash. Poor material quality.,0,2,General
84969,BOX OF 6 ASSORTED COLOUR TEASPOONS,1,"Quality is poor, threads coming loose everywhere.",0,3,General
84969,BOX OF 6 ASSORTED COLOUR TEASPOONS,1,Color faded immediately after washing. Very rough fabric.,0,4,General
22623,BOX OF VINTAGE JIGSAW BLOCKS ,5,"High quality fabric, beautiful color, would definitely buy again!",1,1,General
22623,BOX OF VINTAGE JIGSAW BLOCKS ,5,Love this product! The quality is fantastic and fits perfectly.,1,5,General
22623,BOX OF VINTAGE JIGSAW BLOCKS ,4,"Great purchase, looks amazing and very comfortable to wear.",1,7,General
22622,BOX OF VINTAGE ALPHABET BLOCKS,4,"Great purchase, looks amazing and very comfortable to wear.",1,9,General
22622,BOX OF VINTAGE ALPHABET BLOCKS,5,"Great purchase, looks amazing and very comfortable to wear.",1,0,General
22622,BOX OF VINTAGE ALPHABET BLOCKS,4,Love this product! The quality is fantastic and fits perfectly.,1,5,General
22622,BOX OF VINTAGE ALPHABET BLOCKS,5,Absolutely gorgeous item! Exceeded my expectations.,1,6,General
21754,HOME BUILDING BLOCK WORD,5,Love this product! The quality is fantastic and fits perfectly.,1,9,General
21754,HOME BUILDING BLOCK WORD,5,Love this product! The quality is fantastic and fits perfectly.,1,3,General
21754,HOME BUILDING BLOCK WORD,5,Love this product! The quality is fantastic and fits perfectly.,1,2,General
21754,HOME BUILDING BLOCK WORD,5,"Excellent item, super fast delivery and true to size.",1,1,General
21755,LOVE BUILDING BLOCK WORD,4,"High quality fabric, beautiful color, would definitely buy again!",1,9,General
21755,LOVE BUILDING BLOCK WORD,5,Absolutely gorgeous item! Exceeded my expectations.,1,9,General
21755,LOVE BUILDING BLOCK WORD,5,"Great purchase, looks amazing and very comfortable to wear.",1,0,General
21755,LOVE BUILDING BLOCK WORD,5,"Excellent item, super fast delivery and true to size.",1,5,General
21755,LOVE BUILDING BLOCK WORD,5,"High quality fabric, beautiful color, would definitely buy again!",1,4,General
21755,LOVE BUILDING BLOCK WORD,5,Love this product! The quality is fantastic and fits perfectly.,1,4,General
21755,LOVE BUILDING BLOCK WORD,5,"Excellent item, super fast delivery and true to size.",1,4,General
21755,LOVE BUILDING BLOCK WORD,5,"Excellent item, super fast delivery and true to size.",1,3,General
21777,RECIPE BOX WITH METAL HEART,5,"Excellent item, super fast delivery and true to size.",1,1,General
21777,RECIPE BOX WITH METAL HEART,5,"Excellent item, super fast delivery and true to size.",1,2,General
21777,RECIPE BOX WITH METAL HEART,5,Love this product! The quality is fantastic and fits perfectly.,1,2,General
21777,RECIPE BOX WITH METAL HEART,5,"Excellent item, super fast delivery and true to size.",1,6,General
21777,RECIPE BOX WITH METAL HEART,4,"Great purchase, looks amazing and very comfortable to wear.",1,9,General
48187,DOORMAT NEW ENGLAND,1,Color faded immediately after washing. Very rough fabric.,0,4,General
48187,DOORMAT NEW ENGLAND,2,Disappointed with the material. Fabric is paper thin and see-through.,0,9,General
48187,DOORMAT NEW ENGLAND,3,Disappointed with the material. Fabric is paper thin and see-through.,0,1,General
48187,DOORMAT NEW ENGLAND,2,"Quality is poor, threads coming loose everywhere.",0,5,General
48187,DOORMAT NEW ENGLAND,1,"Quality is poor, threads coming loose everywhere.",0,7,General
48187,DOORMAT NEW ENGLAND,1,Disappointed with the material. Fabric is paper thin and see-through.,0,0,General
48187,DOORMAT NEW ENGLAND,1,"Quality is poor, threads coming loose everywhere.",0,6,General
48187,DOORMAT NEW ENGLAND,3,"Quality is poor, threads coming loose everywhere.",0,4,General
48187,DOORMAT NEW ENGLAND,1,Ripped along the seam after just one wash. Poor material quality.,0,6,General
22960,JAM MAKING SET WITH JARS,5,Absolutely gorgeous item! Exceeded my expectations.,1,8,General
22960,JAM MAKING SET WITH JARS,5,Absolutely gorgeous item! Exceeded my expectations.,1,4,General
22960,JAM MAKING SET WITH JARS,5,Love this product! The quality is fantastic and fits perfectly.,1,3,General
22960,JAM MAKING SET WITH JARS,5,Absolutely gorgeous item! Exceeded my expectations.,1,9,General
22960,JAM MAKING SET WITH JARS,5,"Great purchase, looks amazing and very comfortable to wear.",1,4,General
22913,RED COAT RACK PARIS FASHION,4,Absolutely gorgeous item! Exceeded my expectations.,1,9,General
22913,RED COAT RACK PARIS FASHION,5,"Great purchase, looks amazing and very comfortable to wear.",1,4,General
22913,RED COAT RACK PARIS FASHION,5,"Excellent item, super fast delivery and true to size.",1,3,General
22912,YELLOW COAT RACK PARIS FASHION,5,"Great purchase, looks amazing and very comfortable to wear.",1,0,General
22912,YELLOW COAT RACK PARIS FASHION,4,Absolutely gorgeous item! Exceeded my expectations.,1,3,General
22912,YELLOW COAT RACK PARIS FASHION,4,"Great purchase, looks amazing and very comfortable to wear.",1,3,General
22912,YELLOW COAT RACK PARIS FASHION,5,"Excellent item, super fast delivery and true to size.",1,2,General
22912,YELLOW COAT RACK PARIS FASHION,4,"Excellent item, super fast delivery and true to size.",1,0,General
22914,BLUE COAT RACK PARIS FASHION,3,Overpriced item. You can find better quality for half the price.,0,0,General
22914,BLUE COAT RACK PARIS FASHION,2,Overpriced for what it is. The material feels cheap for this price point.,0,1,General
22914,BLUE COAT RACK PARIS FASHION,3,Overpriced for what it is. The material feels cheap for this price point.,0,1,General
22914,BLUE COAT RACK PARIS FASHION,3,Felt ripped off. Cost too much for something that looks cheap.,0,0,General
22914,BLUE COAT RACK PARIS FASHION,1,Not worth the money. Very expensive for such basic quality.,0,9,General
22914,BLUE COAT RACK PARIS FASHION,2,Not worth the money. Very expensive for such basic quality.,0,1,General
22914,BLUE COAT RACK PARIS FASHION,1,Felt ripped off. Cost too much for something that looks cheap.,0,6,General
21756,BATH BUILDING BLOCK WORD,4,"Great purchase, looks amazing and very comfortable to wear.",1,7,General
21756,BATH BUILDING BLOCK WORD,4,"Excellent item, super fast delivery and true to size.",1,4,General
21756,BATH BUILDING BLOCK WORD,4,Absolutely gorgeous item! Exceeded my expectations.,1,3,General
21756,BATH BUILDING BLOCK WORD,4,"Great purchase, looks amazing and very comfortable to wear.",1,8,General
21756,BATH BUILDING BLOCK WORD,4,"High quality fabric, beautiful color, would definitely buy again!",1,2,General
21756,BATH BUILDING BLOCK WORD,5,"Excellent item, super fast delivery and true to size.",1,0,General
21756,BATH BUILDING BLOCK WORD,5,Absolutely gorgeous item! Exceeded my expectations.,1,0,General
22728,ALARM CLOCK BAKELIKE PINK,3,"Way too small! Order at least two sizes up, the sleeves are very tight.",0,8,General
22728,ALARM CLOCK BAKELIKE PINK,1,Sizing is completely off. It fits loose around the waist but tight on shoulders.,0,0,General
22728,ALARM CLOCK BAKELIKE PINK,1,Sizing is completely off. It fits loose around the waist but tight on shoulders.,0,5,General
22728,ALARM CLOCK BAKELIKE PINK,3,"Way too small! Order at least two sizes up, the sleeves are very tight.",0,2,General
22728,ALARM CLOCK BAKELIKE PINK,1,"Way too small! Order at least two sizes up, the sleeves are very tight.",0,8,General
22728,ALARM CLOCK BAKELIKE PINK,1,The fit is very awkward and much shorter than shown in photos.,0,6,General
22728,ALARM CLOCK BAKELIKE PINK,2,Runs very large and baggy. Had to return it for a smaller size.,0,3,General
22728,ALARM CLOCK BAKELIKE PINK,2,The fit is very awkward and much shorter than shown in photos.,0,4,General
22728,ALARM CLOCK BAKELIKE PINK,3,"Way too small! Order at least two sizes up, the sleeves are very tight.",0,8,General
22727,ALARM CLOCK BAKELIKE RED ,1,Runs very large and baggy. Had to return it for a smaller size.,0,6,General
22727,ALARM CLOCK BAKELIKE RED ,1,Runs very large and baggy. Had to return it for a smaller size.,0,6,General
22727,ALARM CLOCK BAKELIKE RED ,1,"Way too small! Order at least two sizes up, the sleeves are very tight.",0,9,General
22727,ALARM CLOCK BAKELIKE RED ,3,Sizing is completely off. It fits loose around the waist but tight on shoulders.,0,9,General
22727,ALARM CLOCK BAKELIKE RED ,3,"Way too small! Order at least two sizes up, the sleeves are very tight.",0,6,General
22727,ALARM CLOCK BAKELIKE RED ,3,"Way too small! Order at least two sizes up, the sleeves are very tight.",0,1,General
22727,ALARM CLOCK BAKELIKE RED ,1,The fit is very awkward and much shorter than shown in photos.,0,9,General
22726,ALARM CLOCK BAKELIKE GREEN,2,Overpriced for what it is. The material feels cheap for this price point.,0,6,General
22726,ALARM CLOCK BAKELIKE GREEN,1,Not worth the money. Very expensive for such basic quality.,0,7,General
22726,ALARM CLOCK BAKELIKE GREEN,1,Not worth the money. Very expensive for such basic quality.,0,1,General
21724,PANDA AND BUNNIES STICKER SHEET,1,Disappointed with the material. Fabric is paper thin and see-through.,0,4,General
21724,PANDA AND BUNNIES STICKER SHEET,3,Ripped along the seam after just one wash. Poor material quality.,0,7,General
21724,PANDA AND BUNNIES STICKER SHEET,1,"Quality is poor, threads coming loose everywhere.",0,0,General
21724,PANDA AND BUNNIES STICKER SHEET,1,Ripped along the seam after just one wash. Poor material quality.,0,6,General
21883,STARS GIFT TAPE ,2,"Quality is poor, threads coming loose everywhere.",0,2,General
21883,STARS GIFT TAPE ,2,Disappointed with the material. Fabric is paper thin and see-through.,0,6,General
21883,STARS GIFT TAPE ,2,Color faded immediately after washing. Very rough fabric.,0,9,General
21883,STARS GIFT TAPE ,3,Color faded immediately after washing. Very rough fabric.,0,2,General
21883,STARS GIFT TAPE ,1,Disappointed with the material. Fabric is paper thin and see-through.,0,1,General
21883,STARS GIFT TAPE ,2,"Quality is poor, threads coming loose everywhere.",0,9,General
10002,INFLATABLE POLITICAL GLOBE ,3,Overpriced for what it is. The material feels cheap for this price point.,0,8,General
10002,INFLATABLE POLITICAL GLOBE ,1,Felt ripped off. Cost too much for something that looks cheap.,0,2,General
10002,INFLATABLE POLITICAL GLOBE ,2,Overpriced for what it is. The material feels cheap for this price point.,0,8,General
10002,INFLATABLE POLITICAL GLOBE ,1,Felt ripped off. Cost too much for something that looks cheap.,0,8,General
10002,INFLATABLE POLITICAL GLOBE ,1,Overpriced item. You can find better quality for half the price.,0,5,General
10002,INFLATABLE POLITICAL GLOBE ,2,Overpriced for what it is. The material feels cheap for this price point.,0,9,General
10002,INFLATABLE POLITICAL GLOBE ,1,Overpriced item. You can find better quality for half the price.,0,4,General
10002,INFLATABLE POLITICAL GLOBE ,2,Overpriced item. You can find better quality for half the price.,0,4,General
10002,INFLATABLE POLITICAL GLOBE ,1,Felt ripped off. Cost too much for something that looks cheap.,0,3,General
10002,INFLATABLE POLITICAL GLOBE ,3,Felt ripped off. Cost too much for something that looks cheap.,0,3,General
21791,VINTAGE HEADS AND TAILS CARD GAME ,5,Love this product! The quality is fantastic and fits perfectly.,1,0,General
21791,VINTAGE HEADS AND TAILS CARD GAME ,5,Absolutely gorgeous item! Exceeded my expectations.,1,5,General
21791,VINTAGE HEADS AND TAILS CARD GAME ,5,"High quality fabric, beautiful color, would definitely buy again!",1,6,General
21791,VINTAGE HEADS AND TAILS CARD GAME ,4,Love this product! The quality is fantastic and fits perfectly.,1,9,General
21791,VINTAGE HEADS AND TAILS CARD GAME ,5,"Excellent item, super fast delivery and true to size.",1,4,General
21791,VINTAGE HEADS AND TAILS CARD GAME ,5,"Great purchase, looks amazing and very comfortable to wear.",1,3,General
21791,VINTAGE HEADS AND TAILS CARD GAME ,5,"Great purchase, looks amazing and very comfortable to wear.",1,9,General
21791,VINTAGE HEADS AND TAILS CARD GAME ,5,"Excellent item, super fast delivery and true to size.",1,4,General
21791,VINTAGE HEADS AND TAILS CARD GAME ,5,Love this product! The quality is fantastic and fits perfectly.,1,5,General
21791,VINTAGE HEADS AND TAILS CARD GAME ,4,Love this product! The quality is fantastic and fits perfectly.,1,0,General
21791,VINTAGE HEADS AND TAILS CARD GAME ,5,Absolutely gorgeous item! Exceeded my expectations.,1,2,General
21035,SET/2 RED RETROSPOT TEA TOWELS ,1,Felt ripped off. Cost too much for something that looks cheap.,0,8,General
21035,SET/2 RED RETROSPOT TEA TOWELS ,2,Not worth the money. Very expensive for such basic quality.,0,7,General
21035,SET/2 RED RETROSPOT TEA TOWELS ,2,Not worth the money. Very expensive for such basic quality.,0,4,General
21035,SET/2 RED RETROSPOT TEA TOWELS ,1,Felt ripped off. Cost too much for something that looks cheap.,0,5,General
22326,ROUND SNACK BOXES SET OF4 WOODLAND ,1,Felt ripped off. Cost too much for something that looks cheap.,0,9,General
22326,ROUND SNACK BOXES SET OF4 WOODLAND ,1,Felt ripped off. Cost too much for something that looks cheap.,0,5,General
22326,ROUND SNACK BOXES SET OF4 WOODLAND ,3,Felt ripped off. Cost too much for something that looks cheap.,0,0,General
22629,SPACEBOY LUNCH BOX ,3,Overpriced for what it is. The material feels cheap for this price point.,0,0,General
22629,SPACEBOY LUNCH BOX ,3,Overpriced for what it is. The material feels cheap for this price point.,0,5,General
22629,SPACEBOY LUNCH BOX ,1,Overpriced item. You can find better quality for half the price.,0,4,General
22629,SPACEBOY LUNCH BOX ,1,Felt ripped off. Cost too much for something that looks cheap.,0,5,General
22659,LUNCH BOX I LOVE LONDON,1,Disappointed with the material. Fabric is paper thin and see-through.,0,4,General
22659,LUNCH BOX I LOVE LONDON,2,Ripped along the seam after just one wash. Poor material quality.,0,2,General
22659,LUNCH BOX I LOVE LONDON,1,Disappointed with the material. Fabric is paper thin and see-through.,0,8,General
22659,LUNCH BOX I LOVE LONDON,1,Ripped along the seam after just one wash. Poor material quality.,0,2,General
22659,LUNCH BOX I LOVE LONDON,1,Disappointed with the material. Fabric is paper thin and see-through.,0,3,General
22659,LUNCH BOX I LOVE LONDON,1,Ripped along the seam after just one wash. Poor material quality.,0,0,General
22659,LUNCH BOX I LOVE LONDON,2,"Quality is poor, threads coming loose everywhere.",0,7,General
22659,LUNCH BOX I LOVE LONDON,2,Color faded immediately after washing. Very rough fabric.,0,9,General
22659,LUNCH BOX I LOVE LONDON,2,Ripped along the seam after just one wash. Poor material quality.,0,5,General
22631,CIRCUS PARADE LUNCH BOX ,1,Overpriced item. You can find better quality for half the price.,0,5,General
22631,CIRCUS PARADE LUNCH BOX ,1,Overpriced item. You can find better quality for half the price.,0,8,General
22631,CIRCUS PARADE LUNCH BOX ,3,Overpriced for what it is. The material feels cheap for this price point.,0,6,General
22631,CIRCUS PARADE LUNCH BOX ,1,Felt ripped off. Cost too much for something that looks cheap.,0,4,General
22661,CHARLOTTE BAG DOLLY GIRL DESIGN,2,The fit is very awkward and much shorter than shown in photos.,0,1,General
22661,CHARLOTTE BAG DOLLY GIRL DESIGN,2,Sizing is completely off. It fits loose around the waist but tight on shoulders.,0,1,General
22661,CHARLOTTE BAG DOLLY GIRL DESIGN,2,Sizing is completely off. It fits loose around the waist but tight on shoulders.,0,2,General
22661,CHARLOTTE BAG DOLLY GIRL DESIGN,2,The fit is very awkward and much shorter than shown in photos.,0,3,General
22661,CHARLOTTE BAG DOLLY GIRL DESIGN,2,"Way too small! Order at least two sizes up, the sleeves are very tight.",0,0,General
21731,RED TOADSTOOL LED NIGHT LIGHT,3,Not worth the money. Very expensive for such basic quality.,0,0,General
21731,RED TOADSTOOL LED NIGHT LIGHT,1,Overpriced for what it is. The material feels cheap for this price point.,0,3,General
21731,RED TOADSTOOL LED NIGHT LIGHT,1,Not worth the money. Very expensive for such basic quality.,0,9,General
21731,RED TOADSTOOL LED NIGHT LIGHT,1,Overpriced for what it is. The material feels cheap for this price point.,0,1,General
21731,RED TOADSTOOL LED NIGHT LIGHT,1,Not worth the money. Very expensive for such basic quality.,0,1,General
21731,RED TOADSTOOL LED NIGHT LIGHT,2,Overpriced for what it is. The material feels cheap for this price point.,0,2,General
21731,RED TOADSTOOL LED NIGHT LIGHT,1,Felt ripped off. Cost too much for something that looks cheap.,0,6,General
21731,RED TOADSTOOL LED NIGHT LIGHT,3,Felt ripped off. Cost too much for something that looks cheap.,0,5,General
21731,RED TOADSTOOL LED NIGHT LIGHT,1,Overpriced item. You can find better quality for half the price.,0,2,General
22900, SET 2 TEA TOWELS I LOVE LONDON ,2,Disappointed with the material. Fabric is paper thin and see-through.,0,2,General
22900, SET 2 TEA TOWELS I LOVE LONDON ,1,Color faded immediately after washing. Very rough fabric.,0,4,General
22900, SET 2 TEA TOWELS I LOVE LONDON ,2,Ripped along the seam after just one wash. Poor material quality.,0,5,General
22900, SET 2 TEA TOWELS I LOVE LONDON ,2,Disappointed with the material. Fabric is paper thin and see-through.,0,0,General
21913,VINTAGE SEASIDE JIGSAW PUZZLES,5,Love this product! The quality is fantastic and fits perfectly.,1,9,General
21913,VINTAGE SEASIDE JIGSAW PUZZLES,4,Absolutely gorgeous item! Exceeded my expectations.,1,8,General
21913,VINTAGE SEASIDE JIGSAW PUZZLES,4,"Great purchase, looks amazing and very comfortable to wear.",1,8,General
21913,VINTAGE SEASIDE JIGSAW PUZZLES,4,"High quality fabric, beautiful color, would definitely buy again!",1,0,General
22540,MINI JIGSAW CIRCUS PARADE ,4,Love this product! The quality is fantastic and fits perfectly.,1,3,General
22540,MINI JIGSAW CIRCUS PARADE ,5,"Great purchase, looks amazing and very comfortable to wear.",1,6,General
22540,MINI JIGSAW CIRCUS PARADE ,4,"Great purchase, looks amazing and very comfortable to wear.",1,9,General
22544,MINI JIGSAW SPACEBOY,4,"High quality fabric, beautiful color, would definitely buy again!",1,2,General
22544,MINI JIGSAW SPACEBOY,4,"High quality fabric, beautiful color, would definitely buy again!",1,1,General
22544,MINI JIGSAW SPACEBOY,5,"Great purchase, looks amazing and very comfortable to wear.",1,2,General
22544,MINI JIGSAW SPACEBOY,4,"High quality fabric, beautiful color, would definitely buy again!",1,8,General
22544,MINI JIGSAW SPACEBOY,5,Absolutely gorgeous item! Exceeded my expectations.,1,9,General
22544,MINI JIGSAW SPACEBOY,4,Love this product! The quality is fantastic and fits perfectly.,1,6,General
22544,MINI JIGSAW SPACEBOY,5,"Great purchase, looks amazing and very comfortable to wear.",1,8,General
22544,MINI JIGSAW SPACEBOY,4,Love this product! The quality is fantastic and fits perfectly.,1,3,General
22544,MINI JIGSAW SPACEBOY,5,Love this product! The quality is fantastic and fits perfectly.,1,9,General
22544,MINI JIGSAW SPACEBOY,4,"High quality fabric, beautiful color, would definitely buy again!",1,1,General
22492,MINI PAINT SET VINTAGE ,4,"Great purchase, looks amazing and very comfortable to wear.",1,7,General
22492,MINI PAINT SET VINTAGE ,5,Love this product! The quality is fantastic and fits perfectly.,1,2,General
22492,MINI PAINT SET VINTAGE ,4,"Great purchase, looks amazing and very comfortable to wear.",1,4,General
22492,MINI PAINT SET VINTAGE ,5,"Excellent item, super fast delivery and true to size.",1,1,General
22492,MINI PAINT SET VINTAGE ,5,"High quality fabric, beautiful color, would definitely buy again!",1,5,General
22492,MINI PAINT SET VINTAGE ,4,Absolutely gorgeous item! Exceeded my expectations.,1,0,General
22492,MINI PAINT SET VINTAGE ,5,Absolutely gorgeous item! Exceeded my expectations.,1,4,General
22492,MINI PAINT SET VINTAGE ,5,"Excellent item, super fast delivery and true to size.",1,7,General
POST,POSTAGE,3,Color faded immediately after washing. Very rough fabric.,0,7,General
POST,POSTAGE,3,Disappointed with the material. Fabric is paper thin and see-through.,0,5,General
POST,POSTAGE,3,Ripped along the seam after just one wash. Poor material quality.,0,3,General
POST,POSTAGE,2,Color faded immediately after washing. Very rough fabric.,0,5,General
POST,POSTAGE,2,Disappointed with the material. Fabric is paper thin and see-through.,0,7,General
POST,POSTAGE,3,Ripped along the seam after just one wash. Poor material quality.,0,8,General
POST,POSTAGE,3,Ripped along the seam after just one wash. Poor material quality.,0,7,General
POST,POSTAGE,3,Ripped along the seam after just one wash. Poor material quality.,0,4,General
POST,POSTAGE,2,Ripped along the seam after just one wash. Poor material quality.,0,5,General
22086,PAPER CHAIN KIT 50'S CHRISTMAS ,1,Overpriced for what it is. The material feels cheap for this price point.,0,0,General
22086,PAPER CHAIN KIT 50'S CHRISTMAS ,2,Not worth the money. Very expensive for such basic quality.,0,5,General
22086,PAPER CHAIN KIT 50'S CHRISTMAS ,2,Overpriced for what it is. The material feels cheap for this price point.,0,3,General
22086,PAPER CHAIN KIT 50'S CHRISTMAS ,3,Overpriced for what it is. The material feels cheap for this price point.,0,2,General
22086,PAPER CHAIN KIT 50'S CHRISTMAS ,2,Overpriced for what it is. The material feels cheap for this price point.,0,1,General
22086,PAPER CHAIN KIT 50'S CHRISTMAS ,2,Overpriced item. You can find better quality for half the price.,0,4,General
20679,EDWARDIAN PARASOL RED,5,Absolutely gorgeous item! Exceeded my expectations.,1,1,General
20679,EDWARDIAN PARASOL RED,4,"Excellent item, super fast delivery and true to size.",1,4,General
20679,EDWARDIAN PARASOL RED,4,Love this product! The quality is fantastic and fits perfectly.,1,8,General
20679,EDWARDIAN PARASOL RED,4,"High quality fabric, beautiful color, would definitely buy again!",1,7,General
37370,RETRO COFFEE MUGS ASSORTED,3,Sizing is completely off. It fits loose around the waist but tight on shoulders.,0,0,General
37370,RETRO COFFEE MUGS ASSORTED,2,"Way too small! Order at least two sizes up, the sleeves are very tight.",0,1,General
37370,RETRO COFFEE MUGS ASSORTED,1,Sizing is completely off. It fits loose around the waist but tight on shoulders.,0,7,General
37370,RETRO COFFEE MUGS ASSORTED,1,The fit is very awkward and much shorter than shown in photos.,0,1,General
37370,RETRO COFFEE MUGS ASSORTED,3,Runs very large and baggy. Had to return it for a smaller size.,0,2,General
21871,SAVE THE PLANET MUG,1,"Quality is poor, threads coming loose everywhere.",0,7,General
21871,SAVE THE PLANET MUG,1,Color faded immediately after washing. Very rough fabric.,0,4,General
21871,SAVE THE PLANET MUG,2,Ripped along the seam after just one wash. Poor material quality.,0,2,General
21871,SAVE THE PLANET MUG,1,Disappointed with the material. Fabric is paper thin and see-through.,0,4,General
21871,SAVE THE PLANET MUG,3,Color faded immediately after washing. Very rough fabric.,0,9,General
21871,SAVE THE PLANET MUG,1,Ripped along the seam after just one wash. Poor material quality.,0,9,General
21871,SAVE THE PLANET MUG,2,Disappointed with the material. Fabric is paper thin and see-through.,0,7,General
21871,SAVE THE PLANET MUG,3,"Quality is poor, threads coming loose everywhere.",0,7,General
21071,VINTAGE BILLBOARD DRINK ME MUG,5,Absolutely gorgeous item! Exceeded my expectations.,1,0,General
21071,VINTAGE BILLBOARD DRINK ME MUG,4,Love this product! The quality is fantastic and fits perfectly.,1,0,General
21071,VINTAGE BILLBOARD DRINK ME MUG,4,Love this product! The quality is fantastic and fits perfectly.,1,6,General
21071,VINTAGE BILLBOARD DRINK ME MUG,5,"Great purchase, looks amazing and very comfortable to wear.",1,4,General
21071,VINTAGE BILLBOARD DRINK ME MUG,4,"High quality fabric, beautiful color, would definitely buy again!",1,2,General
21068,VINTAGE BILLBOARD LOVE/HATE MUG,5,"High quality fabric, beautiful color, would definitely buy again!",1,9,General
21068,VINTAGE BILLBOARD LOVE/HATE MUG,4,"Excellent item, super fast delivery and true to size.",1,0,General
21068,VINTAGE BILLBOARD LOVE/HATE MUG,5,"Excellent item, super fast delivery and true to size.",1,6,General
21068,VINTAGE BILLBOARD LOVE/HATE MUG,5,"High quality fabric, beautiful color, would definitely buy again!",1,5,General
21068,VINTAGE BILLBOARD LOVE/HATE MUG,4,Love this product! The quality is fantastic and fits perfectly.,1,4,General
82483,WOOD 2 DRAWER CABINET WHITE FINISH,2,Not worth the money. Very expensive for such basic quality.,0,1,General
82483,WOOD 2 DRAWER CABINET WHITE FINISH,1,Not worth the money. Very expensive for such basic quality.,0,9,General
82483,WOOD 2 DRAWER CABINET WHITE FINISH,2,Overpriced for what it is. The material feels cheap for this price point.,0,5,General
82486,WOOD S/3 CABINET ANT WHITE FINISH,5,Absolutely gorgeous item! Exceeded my expectations.,1,3,General
82486,WOOD S/3 CABINET ANT WHITE FINISH,5,Absolutely gorgeous item! Exceeded my expectations.,1,4,General
82486,WOOD S/3 CABINET ANT WHITE FINISH,4,Absolutely gorgeous item! Exceeded my expectations.,1,3,General
82486,WOOD S/3 CABINET ANT WHITE FINISH,4,"Excellent item, super fast delivery and true to size.",1,1,General
82486,WOOD S/3 CABINET ANT WHITE FINISH,4,"High quality fabric, beautiful color, would definitely buy again!",1,2,General
82486,WOOD S/3 CABINET ANT WHITE FINISH,5,"High quality fabric, beautiful color, would definitely buy again!",1,3,General
82482,WOODEN PICTURE FRAME WHITE FINISH,3,Overpriced item. You can find better quality for half the price.,0,9,General
82482,WOODEN PICTURE FRAME WHITE FINISH,2,Overpriced item. You can find better quality for half the price.,0,5,General
82482,WOODEN PICTURE FRAME WHITE FINISH,3,Overpriced item. You can find better quality for half the price.,0,9,General
82482,WOODEN PICTURE FRAME WHITE FINISH,3,Not worth the money. Very expensive for such basic quality.,0,9,General
82482,WOODEN PICTURE FRAME WHITE FINISH,2,Overpriced for what it is. The material feels cheap for this price point.,0,1,General
82482,WOODEN PICTURE FRAME WHITE FINISH,1,Overpriced for what it is. The material feels cheap for this price point.,0,7,General
82482,WOODEN PICTURE FRAME WHITE FINISH,3,Overpriced item. You can find better quality for half the price.,0,3,General
82494L,WOODEN FRAME ANTIQUE WHITE ,1,"Quality is poor, threads coming loose everywhere.",0,7,General
82494L,WOODEN FRAME ANTIQUE WHITE ,2,Color faded immediately after washing. Very rough fabric.,0,0,General
82494L,WOODEN FRAME ANTIQUE WHITE ,3,"Quality is poor, threads coming loose everywhere.",0,9,General
82494L,WOODEN FRAME ANTIQUE WHITE ,2,Disappointed with the material. Fabric is paper thin and see-through.,0,2,General
82494L,WOODEN FRAME ANTIQUE WHITE ,2,Disappointed with the material. Fabric is paper thin and see-through.,0,7,General
82494L,WOODEN FRAME ANTIQUE WHITE ,2,Disappointed with the material. Fabric is paper thin and see-through.,0,6,General
82494L,WOODEN FRAME ANTIQUE WHITE ,2,Disappointed with the material. Fabric is paper thin and see-through.,0,4,General
21258,VICTORIAN SEWING BOX LARGE,3,Ripped along the seam after just one wash. Poor material quality.,0,8,General
21258,VICTORIAN SEWING BOX LARGE,3,Disappointed with the material. Fabric is paper thin and see-through.,0,5,General
21258,VICTORIAN SEWING BOX LARGE,3,Color faded immediately after washing. Very rough fabric.,0,7,General
21258,VICTORIAN SEWING BOX LARGE,1,Color faded immediately after washing. Very rough fabric.,0,8,General
21258,VICTORIAN SEWING BOX LARGE,1,Disappointed with the material. Fabric is paper thin and see-through.,0,9,General
21258,VICTORIAN SEWING BOX LARGE,1,"Quality is poor, threads coming loose everywhere.",0,4,General
22114,HOT WATER BOTTLE TEA AND SYMPATHY,1,The fit is very awkward and much shorter than shown in photos.,0,9,General
22114,HOT WATER BOTTLE TEA AND SYMPATHY,2,The fit is very awkward and much shorter than shown in photos.,0,1,General
22114,HOT WATER BOTTLE TEA AND SYMPATHY,2,The fit is very awkward and much shorter than shown in photos.,0,1,General
22114,HOT WATER BOTTLE TEA AND SYMPATHY,1,The fit is very awkward and much shorter than shown in photos.,0,2,General
22114,HOT WATER BOTTLE TEA AND SYMPATHY,1,Sizing is completely off. It fits loose around the waist but tight on shoulders.,0,6,General
21733,RED HANGING HEART T-LIGHT HOLDER,4,Love this product! The quality is fantastic and fits perfectly.,1,5,General
21733,RED HANGING HEART T-LIGHT HOLDER,5,"Great purchase, looks amazing and very comfortable to wear.",1,1,General
21733,RED HANGING HEART T-LIGHT HOLDER,4,Absolutely gorgeous item! Exceeded my expectations.,1,6,General
21733,RED HANGING HEART T-LIGHT HOLDER,5,Love this product! The quality is fantastic and fits perfectly.,1,8,General
21733,RED HANGING HEART T-LIGHT HOLDER,5,Love this product! The quality is fantastic and fits perfectly.,1,5,General
21733,RED HANGING HEART T-LIGHT HOLDER,4,"Excellent item, super fast delivery and true to size.",1,7,General
21733,RED HANGING HEART T-LIGHT HOLDER,4,Love this product! The quality is fantastic and fits perfectly.,1,0,General
22386,JUMBO BAG PINK POLKADOT,4,"High quality fabric, beautiful color, would definitely buy again!",1,7,General
22386,JUMBO BAG PINK POLKADOT,5,"High quality fabric, beautiful color, would definitely buy again!",1,0,General
22386,JUMBO BAG PINK POLKADOT,4,Absolutely gorgeous item! Exceeded my expectations.,1,7,General
22386,JUMBO BAG PINK POLKADOT,5,"High quality fabric, beautiful color, would definitely buy again!",1,0,General
22386,JUMBO BAG PINK POLKADOT,4,"High quality fabric, beautiful color, would definitely buy again!",1,1,General
22386,JUMBO BAG PINK POLKADOT,5,"Great purchase, looks amazing and very comfortable to wear.",1,0,General
22386,JUMBO BAG PINK POLKADOT,5,"Great purchase, looks amazing and very comfortable to wear.",1,5,General
22386,JUMBO BAG PINK POLKADOT,4,"High quality fabric, beautiful color, would definitely buy again!",1,3,General
22386,JUMBO BAG PINK POLKADOT,5,Love this product! The quality is fantastic and fits perfectly.,1,6,General
85099C,JUMBO  BAG BAROQUE BLACK WHITE,2,Ripped along the seam after just one wash. Poor material quality.,0,0,General
85099C,JUMBO  BAG BAROQUE BLACK WHITE,3,Color faded immediately after washing. Very rough fabric.,0,1,General
85099C,JUMBO  BAG BAROQUE BLACK WHITE,1,Color faded immediately after washing. Very rough fabric.,0,7,General
85099C,JUMBO  BAG BAROQUE BLACK WHITE,1,Disappointed with the material. Fabric is paper thin and see-through.,0,6,General
85099C,JUMBO  BAG BAROQUE BLACK WHITE,3,Color faded immediately after washing. Very rough fabric.,0,7,General
21033,JUMBO BAG CHARLIE AND LOLA TOYS,4,"High quality fabric, beautiful color, would definitely buy again!",1,0,General
21033,JUMBO BAG CHARLIE AND LOLA TOYS,4,"Excellent item, super fast delivery and true to size.",1,7,General
21033,JUMBO BAG CHARLIE AND LOLA TOYS,4,"Great purchase, looks amazing and very comfortable to wear.",1,7,General
21033,JUMBO BAG CHARLIE AND LOLA TOYS,5,"High quality fabric, beautiful color, would definitely buy again!",1,3,General
21033,JUMBO BAG CHARLIE AND LOLA TOYS,4,"Excellent item, super fast delivery and true to size.",1,5,General
21033,JUMBO BAG CHARLIE AND LOLA TOYS,5,Absolutely gorgeous item! Exceeded my expectations.,1,6,General
21033,JUMBO BAG CHARLIE AND LOLA TOYS,4,"Great purchase, looks amazing and very comfortable to wear.",1,9,General
20723,STRAWBERRY CHARLOTTE BAG,4,Absolutely gorgeous item! Exceeded my expectations.,1,2,General
20723,STRAWBERRY CHARLOTTE BAG,4,"Excellent item, super fast delivery and true to size.",1,1,General
20723,STRAWBERRY CHARLOTTE BAG,4,"Great purchase, looks amazing and very comfortable to wear.",1,4,General
20723,STRAWBERRY CHARLOTTE BAG,4,"Excellent item, super fast delivery and true to size.",1,9,General
20723,STRAWBERRY CHARLOTTE BAG,4,"Great purchase, looks amazing and very comfortable to wear.",1,6,General
20723,STRAWBERRY CHARLOTTE BAG,5,"Excellent item, super fast delivery and true to size.",1,4,General
20723,STRAWBERRY CHARLOTTE BAG,5,Absolutely gorgeous item! Exceeded my expectations.,1,8,General
20723,STRAWBERRY CHARLOTTE BAG,4,"Great purchase, looks amazing and very comfortable to wear.",1,2,General
20723,STRAWBERRY CHARLOTTE BAG,5,"Excellent item, super fast delivery and true to size.",1,5,General
84997B,RED 3 PIECE RETROSPOT CUTLERY SET,2,Not worth the money. Very expensive for such basic quality.,0,7,General
84997B,RED 3 PIECE RETROSPOT CUTLERY SET,2,Felt ripped off. Cost too much for something that looks cheap.,0,6,General
84997B,RED 3 PIECE RETROSPOT CUTLERY SET,1,Overpriced item. You can find better quality for half the price.,0,1,General
84997C,BLUE 3 PIECE POLKADOT CUTLERY SET,4,"Great purchase, looks amazing and very comfortable to wear.",1,8,General
84997C,BLUE 3 PIECE POLKADOT CUTLERY SET,5,Love this product! The quality is fantastic and fits perfectly.,1,5,General
84997C,BLUE 3 PIECE POLKADOT CUTLERY SET,5,"High quality fabric, beautiful color, would definitely buy again!",1,3,General
84997C,BLUE 3 PIECE POLKADOT CUTLERY SET,5,"Great purchase, looks amazing and very comfortable to wear.",1,1,General
84997C,BLUE 3 PIECE POLKADOT CUTLERY SET,4,Absolutely gorgeous item! Exceeded my expectations.,1,5,General
84997C,BLUE 3 PIECE POLKADOT CUTLERY SET,5,"Great purchase, looks amazing and very comfortable to wear.",1,4,General
84997C,BLUE 3 PIECE POLKADOT CUTLERY SET,5,"Great purchase, looks amazing and very comfortable to wear.",1,8,General
84997C,BLUE 3 PIECE POLKADOT CUTLERY SET,4,"Great purchase, looks amazing and very comfortable to wear.",1,4,General
84997C,BLUE 3 PIECE POLKADOT CUTLERY SET,5,Love this product! The quality is fantastic and fits perfectly.,1,9,General
84997C,BLUE 3 PIECE POLKADOT CUTLERY SET,4,"Excellent item, super fast delivery and true to size.",1,4,General
84997C,BLUE 3 PIECE POLKADOT CUTLERY SET,5,"Great purchase, looks amazing and very comfortable to wear.",1,4,General
21094,SET/6 RED SPOTTY PAPER PLATES,5,"High quality fabric, beautiful color, would definitely buy again!",1,1,General
21094,SET/6 RED SPOTTY PAPER PLATES,4,"Excellent item, super fast delivery and true to size.",1,8,General
21094,SET/6 RED SPOTTY PAPER PLATES,4,Absolutely gorgeous item! Exceeded my expectations.,1,9,General
21094,SET/6 RED SPOTTY PAPER PLATES,4,Absolutely gorgeous item! Exceeded my expectations.,1,9,General
21094,SET/6 RED SPOTTY PAPER PLATES,5,Absolutely gorgeous item! Exceeded my expectations.,1,9,General
21094,SET/6 RED SPOTTY PAPER PLATES,5,"Great purchase, looks amazing and very comfortable to wear.",1,5,General
21094,SET/6 RED SPOTTY PAPER PLATES,4,"High quality fabric, beautiful color, would definitely buy again!",1,2,General
21094,SET/6 RED SPOTTY PAPER PLATES,5,Absolutely gorgeous item! Exceeded my expectations.,1,2,General
20725,LUNCH BAG RED RETROSPOT,5,"High quality fabric, beautiful color, would definitely buy again!",1,3,General
20725,LUNCH BAG RED RETROSPOT,4,Love this product! The quality is fantastic and fits perfectly.,1,6,General
20725,LUNCH BAG RED RETROSPOT,5,"High quality fabric, beautiful color, would definitely buy again!",1,1,General
20725,LUNCH BAG RED RETROSPOT,5,Absolutely gorgeous item! Exceeded my expectations.,1,0,General
20725,LUNCH BAG RED RETROSPOT,5,"Great purchase, looks amazing and very comfortable to wear.",1,3,General
20725,LUNCH BAG RED RETROSPOT,4,"High quality fabric, beautiful color, would definitely buy again!",1,3,General
20725,LUNCH BAG RED RETROSPOT,4,"High quality fabric, beautiful color, would definitely buy again!",1,1,General
21559,STRAWBERRY LUNCH BOX WITH CUTLERY,1,"Way too small! Order at least two sizes up, the sleeves are very tight.",0,8,General
21559,STRAWBERRY LUNCH BOX WITH CUTLERY,1,Runs very large and baggy. Had to return it for a smaller size.,0,0,General
21559,STRAWBERRY LUNCH BOX WITH CUTLERY,1,"Way too small! Order at least two sizes up, the sleeves are very tight.",0,7,General
21559,STRAWBERRY LUNCH BOX WITH CUTLERY,1,Sizing is completely off. It fits loose around the waist but tight on shoulders.,0,6,General
22352,LUNCH BOX WITH CUTLERY RETROSPOT ,5,Absolutely gorgeous item! Exceeded my expectations.,1,2,General
22352,LUNCH BOX WITH CUTLERY RETROSPOT ,5,"Great purchase, looks amazing and very comfortable to wear.",1,2,General
22352,LUNCH BOX WITH CUTLERY RETROSPOT ,5,Absolutely gorgeous item! Exceeded my expectations.,1,0,General
22352,LUNCH BOX WITH CUTLERY RETROSPOT ,4,Absolutely gorgeous item! Exceeded my expectations.,1,9,General
21212,PACK OF 72 RETROSPOT CAKE CASES,2,The fit is very awkward and much shorter than shown in photos.,0,7,General
21212,PACK OF 72 RETROSPOT CAKE CASES,3,The fit is very awkward and much shorter than shown in photos.,0,4,General
21212,PACK OF 72 RETROSPOT CAKE CASES,3,"Way too small! Order at least two sizes up, the sleeves are very tight.",0,4,General
21975,PACK OF 60 DINOSAUR CAKE CASES,1,Runs very large and baggy. Had to return it for a smaller size.,0,1,General
21975,PACK OF 60 DINOSAUR CAKE CASES,3,"Way too small! Order at least two sizes up, the sleeves are very tight.",0,9,General
21975,PACK OF 60 DINOSAUR CAKE CASES,1,"Way too small! Order at least two sizes up, the sleeves are very tight.",0,9,General
21975,PACK OF 60 DINOSAUR CAKE CASES,2,The fit is very awkward and much shorter than shown in photos.,0,6,General
21975,PACK OF 60 DINOSAUR CAKE CASES,3,"Way too small! Order at least two sizes up, the sleeves are very tight.",0,9,General
21975,PACK OF 60 DINOSAUR CAKE CASES,2,"Way too small! Order at least two sizes up, the sleeves are very tight.",0,9,General
21975,PACK OF 60 DINOSAUR CAKE CASES,2,The fit is very awkward and much shorter than shown in photos.,0,4,General
21975,PACK OF 60 DINOSAUR CAKE CASES,1,The fit is very awkward and much shorter than shown in photos.,0,2,General
21977,PACK OF 60 PINK PAISLEY CAKE CASES,3,Color faded immediately after washing. Very rough fabric.,0,1,General
21977,PACK OF 60 PINK PAISLEY CAKE CASES,2,Color faded immediately after washing. Very rough fabric.,0,3,General
21977,PACK OF 60 PINK PAISLEY CAKE CASES,3,Color faded immediately after washing. Very rough fabric.,0,1,General
21977,PACK OF 60 PINK PAISLEY CAKE CASES,2,Color faded immediately after washing. Very rough fabric.,0,6,General
84991,60 TEATIME FAIRY CAKE CASES,5,"High quality fabric, beautiful color, would definitely buy again!",1,1,General
84991,60 TEATIME FAIRY CAKE CASES,4,"High quality fabric, beautiful color, would definitely buy again!",1,7,General
84991,60 TEATIME FAIRY CAKE CASES,4,"Great purchase, looks amazing and very comfortable to wear.",1,6,General
84991,60 TEATIME FAIRY CAKE CASES,4,"Excellent item, super fast delivery and true to size.",1,7,General
84991,60 TEATIME FAIRY CAKE CASES,5,Love this product! The quality is fantastic and fits perfectly.,1,5,General
84991,60 TEATIME FAIRY CAKE CASES,4,Love this product! The quality is fantastic and fits perfectly.,1,1,General
84991,60 TEATIME FAIRY CAKE CASES,5,Love this product! The quality is fantastic and fits perfectly.,1,9,General
84991,60 TEATIME FAIRY CAKE CASES,5,"Excellent item, super fast delivery and true to size.",1,1,General
84991,60 TEATIME FAIRY CAKE CASES,5,"High quality fabric, beautiful color, would definitely buy again!",1,1,General
84991,60 TEATIME FAIRY CAKE CASES,4,"High quality fabric, beautiful color, would definitely buy again!",1,1,General
84519A,TOMATO CHARLIE+LOLA COASTER SET,3,Color faded immediately after washing. Very rough fabric.,0,3,General
84519A,TOMATO CHARLIE+LOLA COASTER SET,2,Disappointed with the material. Fabric is paper thin and see-through.,0,0,General
84519A,TOMATO CHARLIE+LOLA COASTER SET,2,Disappointed with the material. Fabric is paper thin and see-through.,0,4,General
84519A,TOMATO CHARLIE+LOLA COASTER SET,1,"Quality is poor, threads coming loose everywhere.",0,7,General
84519A,TOMATO CHARLIE+LOLA COASTER SET,3,"Quality is poor, threads coming loose everywhere.",0,8,General
85183B,CHARLIE & LOLA WASTEPAPER BIN FLORA,3,Felt ripped off. Cost too much for something that looks cheap.,0,3,General
85183B,CHARLIE & LOLA WASTEPAPER BIN FLORA,1,Overpriced for what it is. The material feels cheap for this price point.,0,0,General
85183B,CHARLIE & LOLA WASTEPAPER BIN FLORA,1,Felt ripped off. Cost too much for something that looks cheap.,0,7,General
85183B,CHARLIE & LOLA WASTEPAPER BIN FLORA,2,Not worth the money. Very expensive for such basic quality.,0,3,General
85183B,CHARLIE & LOLA WASTEPAPER BIN FLORA,2,Not worth the money. Very expensive for such basic quality.,0,4,General
85183B,CHARLIE & LOLA WASTEPAPER BIN FLORA,1,Overpriced for what it is. The material feels cheap for this price point.,0,4,General
85183B,CHARLIE & LOLA WASTEPAPER BIN FLORA,3,Not worth the money. Very expensive for such basic quality.,0,8,General
85183B,CHARLIE & LOLA WASTEPAPER BIN FLORA,1,Felt ripped off. Cost too much for something that looks cheap.,0,8,General
85183B,CHARLIE & LOLA WASTEPAPER BIN FLORA,3,Overpriced item. You can find better quality for half the price.,0,9,General
85183B,CHARLIE & LOLA WASTEPAPER BIN FLORA,1,Overpriced for what it is. The material feels cheap for this price point.,0,4,General
85183B,CHARLIE & LOLA WASTEPAPER BIN FLORA,2,Felt ripped off. Cost too much for something that looks cheap.,0,6,General
85071B,RED CHARLIE+LOLA PERSONAL DOORSIGN,2,Color faded immediately after washing. Very rough fabric.,0,1,General
85071B,RED CHARLIE+LOLA PERSONAL DOORSIGN,3,Disappointed with the material. Fabric is paper thin and see-through.,0,3,General
85071B,RED CHARLIE+LOLA PERSONAL DOORSIGN,3,"Quality is poor, threads coming loose everywhere.",0,7,General
85071B,RED CHARLIE+LOLA PERSONAL DOORSIGN,1,"Quality is poor, threads coming loose everywhere.",0,5,General
85071B,RED CHARLIE+LOLA PERSONAL DOORSIGN,3,Disappointed with the material. Fabric is paper thin and see-through.,0,9,General
85071B,RED CHARLIE+LOLA PERSONAL DOORSIGN,2,Color faded immediately after washing. Very rough fabric.,0,8,General
85071B,RED CHARLIE+LOLA PERSONAL DOORSIGN,1,Ripped along the seam after just one wash. Poor material quality.,0,0,General
85071B,RED CHARLIE+LOLA PERSONAL DOORSIGN,3,Ripped along the seam after just one wash. Poor material quality.,0,7,General
85071B,RED CHARLIE+LOLA PERSONAL DOORSIGN,1,Ripped along the seam after just one wash. Poor material quality.,0,4,General
85071B,RED CHARLIE+LOLA PERSONAL DOORSIGN,3,Ripped along the seam after just one wash. Poor material quality.,0,6,General
21931,JUMBO STORAGE BAG SUKI,2,"Quality is poor, threads coming loose everywhere.",0,0,General
21931,JUMBO STORAGE BAG SUKI,3,Disappointed with the material. Fabric is paper thin and see-through.,0,9,General
21931,JUMBO STORAGE BAG SUKI,2,Color faded immediately after washing. Very rough fabric.,0,1,General
21931,JUMBO STORAGE BAG SUKI,1,Ripped along the seam after just one wash. Poor material quality.,0,7,General
21931,JUMBO STORAGE BAG SUKI,3,Color faded immediately after washing. Very rough fabric.,0,5,General
21929,JUMBO BAG PINK VINTAGE PAISLEY,2,"Way too small! Order at least two sizes up, the sleeves are very tight.",0,4,General
21929,JUMBO BAG PINK VINTAGE PAISLEY,3,Sizing is completely off. It fits loose around the waist but tight on shoulders.,0,8,General
21929,JUMBO BAG PINK VINTAGE PAISLEY,3,Runs very large and baggy. Had to return it for a smaller size.,0,8,General
21929,JUMBO BAG PINK VINTAGE PAISLEY,1,The fit is very awkward and much shorter than shown in photos.,0,1,General
21929,JUMBO BAG PINK VINTAGE PAISLEY,2,Runs very large and baggy. Had to return it for a smaller size.,0,8,General
21929,JUMBO BAG PINK VINTAGE PAISLEY,1,The fit is very awkward and much shorter than shown in photos.,0,4,General
21929,JUMBO BAG PINK VINTAGE PAISLEY,3,The fit is very awkward and much shorter than shown in photos.,0,1,General
21929,JUMBO BAG PINK VINTAGE PAISLEY,3,Runs very large and baggy. Had to return it for a smaller size.,0,5,General
21929,JUMBO BAG PINK VINTAGE PAISLEY,3,Runs very large and baggy. Had to return it for a smaller size.,0,4,General
21929,JUMBO BAG PINK VINTAGE PAISLEY,2,Runs very large and baggy. Had to return it for a smaller size.,0,1,General
21929,JUMBO BAG PINK VINTAGE PAISLEY,1,Sizing is completely off. It fits loose around the waist but tight on shoulders.,0,4,General
22961,JAM MAKING SET PRINTED,1,"Quality is poor, threads coming loose everywhere.",0,2,General
22961,JAM MAKING SET PRINTED,3,Ripped along the seam after just one wash. Poor material quality.,0,7,General
22961,JAM MAKING SET PRINTED,2,"Quality is poor, threads coming loose everywhere.",0,7,General
22961,JAM MAKING SET PRINTED,1,Color faded immediately after washing. Very rough fabric.,0,0,General
22139,RETROSPOT TEA SET CERAMIC 11 PC ,1,"Quality is poor, threads coming loose everywhere.",0,8,General
22139,RETROSPOT TEA SET CERAMIC 11 PC ,3,Disappointed with the material. Fabric is paper thin and see-through.,0,8,General
22139,RETROSPOT TEA SET CERAMIC 11 PC ,2,Disappointed with the material. Fabric is paper thin and see-through.,0,3,General
22139,RETROSPOT TEA SET CERAMIC 11 PC ,3,Color faded immediately after washing. Very rough fabric.,0,5,General
22139,RETROSPOT TEA SET CERAMIC 11 PC ,3,"Quality is poor, threads coming loose everywhere.",0,4,General
84854,GIRLY PINK TOOL SET,3,Color faded immediately after washing. Very rough fabric.,0,6,General
84854,GIRLY PINK TOOL SET,2,Ripped along the seam after just one wash. Poor material quality.,0,4,General
84854,GIRLY PINK TOOL SET,3,Ripped along the seam after just one wash. Poor material quality.,0,1,General
84854,GIRLY PINK TOOL SET,2,"Quality is poor, threads coming loose everywhere.",0,6,General
84854,GIRLY PINK TOOL SET,1,Ripped along the seam after just one wash. Poor material quality.,0,0,General
84854,GIRLY PINK TOOL SET,1,Disappointed with the material. Fabric is paper thin and see-through.,0,7,General
84854,GIRLY PINK TOOL SET,2,Color faded immediately after washing. Very rough fabric.,0,7,General
84854,GIRLY PINK TOOL SET,3,Disappointed with the material. Fabric is paper thin and see-through.,0,5,General
84854,GIRLY PINK TOOL SET,2,Color faded immediately after washing. Very rough fabric.,0,6,General
84854,GIRLY PINK TOOL SET,1,Ripped along the seam after just one wash. Poor material quality.,0,1,General
84854,GIRLY PINK TOOL SET,3,Color faded immediately after washing. Very rough fabric.,0,4,General
22411,JUMBO SHOPPER VINTAGE RED PAISLEY,5,"Excellent item, super fast delivery and true to size.",1,3,General
22411,JUMBO SHOPPER VINTAGE RED PAISLEY,5,"Great purchase, looks amazing and very comfortable to wear.",1,0,General
22411,JUMBO SHOPPER VINTAGE RED PAISLEY,5,"Excellent item, super fast delivery and true to size.",1,0,General
22411,JUMBO SHOPPER VINTAGE RED PAISLEY,5,"Great purchase, looks amazing and very comfortable to wear.",1,0,General
22411,JUMBO SHOPPER VINTAGE RED PAISLEY,5,"Great purchase, looks amazing and very comfortable to wear.",1,1,General
22411,JUMBO SHOPPER VINTAGE RED PAISLEY,5,"Great purchase, looks amazing and very comfortable to wear.",1,3,General
82567,"AIRLINE LOUNGE,METAL SIGN",3,"Way too small! Order at least two sizes up, the sleeves are very tight.",0,0,General
82567,"AIRLINE LOUNGE,METAL SIGN",3,Sizing is completely off. It fits loose around the waist but tight on shoulders.,0,2,General
82567,"AIRLINE LOUNGE,METAL SIGN",2,The fit is very awkward and much shorter than shown in photos.,0,6,General
82567,"AIRLINE LOUNGE,METAL SIGN",2,Sizing is completely off. It fits loose around the waist but tight on shoulders.,0,1,General
82567,"AIRLINE LOUNGE,METAL SIGN",1,"Way too small! Order at least two sizes up, the sleeves are very tight.",0,2,General
82567,"AIRLINE LOUNGE,METAL SIGN",1,"Way too small! Order at least two sizes up, the sleeves are very tight.",0,6,General
21672,WHITE SPOT RED CERAMIC DRAWER KNOB,4,"Great purchase, looks amazing and very comfortable to wear.",1,3,General
21672,WHITE SPOT RED CERAMIC DRAWER KNOB,4,"High quality fabric, beautiful color, would definitely buy again!",1,2,General
21672,WHITE SPOT RED CERAMIC DRAWER KNOB,5,Love this product! The quality is fantastic and fits perfectly.,1,7,General
21672,WHITE SPOT RED CERAMIC DRAWER KNOB,4,"Excellent item, super fast delivery and true to size.",1,4,General
21672,WHITE SPOT RED CERAMIC DRAWER KNOB,4,Absolutely gorgeous item! Exceeded my expectations.,1,3,General
21672,WHITE SPOT RED CERAMIC DRAWER KNOB,4,"High quality fabric, beautiful color, would definitely buy again!",1,4,General
22774,RED DRAWER KNOB ACRYLIC EDWARDIAN,2,Ripped along the seam after just one wash. Poor material quality.,0,1,General
22774,RED DRAWER KNOB ACRYLIC EDWARDIAN,3,Disappointed with the material. Fabric is paper thin and see-through.,0,0,General
22774,RED DRAWER KNOB ACRYLIC EDWARDIAN,2,Disappointed with the material. Fabric is paper thin and see-through.,0,7,General
22771,CLEAR DRAWER KNOB ACRYLIC EDWARDIAN,4,Love this product! The quality is fantastic and fits perfectly.,1,4,General
22771,CLEAR DRAWER KNOB ACRYLIC EDWARDIAN,5,"High quality fabric, beautiful color, would definitely buy again!",1,1,General
22771,CLEAR DRAWER KNOB ACRYLIC EDWARDIAN,4,"Excellent item, super fast delivery and true to size.",1,2,General
22771,CLEAR DRAWER KNOB ACRYLIC EDWARDIAN,5,Absolutely gorgeous item! Exceeded my expectations.,1,4,General
22771,CLEAR DRAWER KNOB ACRYLIC EDWARDIAN,5,"Excellent item, super fast delivery and true to size.",1,2,General
22771,CLEAR DRAWER KNOB ACRYLIC EDWARDIAN,5,"Excellent item, super fast delivery and true to size.",1,8,General
22771,CLEAR DRAWER KNOB ACRYLIC EDWARDIAN,5,Love this product! The quality is fantastic and fits perfectly.,1,3,General
22771,CLEAR DRAWER KNOB ACRYLIC EDWARDIAN,4,"Excellent item, super fast delivery and true to size.",1,5,General
22771,CLEAR DRAWER KNOB ACRYLIC EDWARDIAN,5,Love this product! The quality is fantastic and fits perfectly.,1,5,General
22771,CLEAR DRAWER KNOB ACRYLIC EDWARDIAN,4,Absolutely gorgeous item! Exceeded my expectations.,1,1,General
22771,CLEAR DRAWER KNOB ACRYLIC EDWARDIAN,5,"High quality fabric, beautiful color, would definitely buy again!",1,0,General
71270,PHOTO CLIP LINE,5,"Great purchase, looks amazing and very comfortable to wear.",1,5,General
71270,PHOTO CLIP LINE,4,"High quality fabric, beautiful color, would definitely buy again!",1,8,General
71270,PHOTO CLIP LINE,5,Love this product! The quality is fantastic and fits perfectly.,1,5,General
71270,PHOTO CLIP LINE,5,Love this product! The quality is fantastic and fits perfectly.,1,5,General
22262,FELT EGG COSY CHICKEN,1,Overpriced for what it is. The material feels cheap for this price point.,0,5,General
22262,FELT EGG COSY CHICKEN,1,Not worth the money. Very expensive for such basic quality.,0,9,General
22262,FELT EGG COSY CHICKEN,2,Overpriced item. You can find better quality for half the price.,0,0,General
22262,FELT EGG COSY CHICKEN,1,Not worth the money. Very expensive for such basic quality.,0,0,General
22262,FELT EGG COSY CHICKEN,1,Overpriced for what it is. The material feels cheap for this price point.,0,0,General
22262,FELT EGG COSY CHICKEN,2,Overpriced for what it is. The material feels cheap for this price point.,0,5,General
22262,FELT EGG COSY CHICKEN,2,Felt ripped off. Cost too much for something that looks cheap.,0,5,General
22262,FELT EGG COSY CHICKEN,2,Felt ripped off. Cost too much for something that looks cheap.,0,9,General
22262,FELT EGG COSY CHICKEN,3,Not worth the money. Very expensive for such basic quality.,0,1,General
22262,FELT EGG COSY CHICKEN,3,Not worth the money. Very expensive for such basic quality.,0,0,General
22262,FELT EGG COSY CHICKEN,3,Overpriced item. You can find better quality for half the price.,0,2,General
22637,PIGGY BANK RETROSPOT ,1,Ripped along the seam after just one wash. Poor material quality.,0,6,General
22637,PIGGY BANK RETROSPOT ,1,Color faded immediately after washing. Very rough fabric.,0,1,General
22637,PIGGY BANK RETROSPOT ,2,"Quality is poor, threads coming loose everywhere.",0,3,General
22637,PIGGY BANK RETROSPOT ,3,Ripped along the seam after just one wash. Poor material quality.,0,6,General
22637,PIGGY BANK RETROSPOT ,2,Color faded immediately after washing. Very rough fabric.,0,9,General
22637,PIGGY BANK RETROSPOT ,2,Ripped along the seam after just one wash. Poor material quality.,0,2,General
22637,PIGGY BANK RETROSPOT ,1,Color faded immediately after washing. Very rough fabric.,0,9,General
22637,PIGGY BANK RETROSPOT ,3,Ripped along the seam after just one wash. Poor material quality.,0,1,General
22637,PIGGY BANK RETROSPOT ,3,Ripped along the seam after just one wash. Poor material quality.,0,8,General
22637,PIGGY BANK RETROSPOT ,3,Disappointed with the material. Fabric is paper thin and see-through.,0,9,General
22637,PIGGY BANK RETROSPOT ,3,Color faded immediately after washing. Very rough fabric.,0,3,General
21934,SKULL SHOULDER BAG,3,Overpriced for what it is. The material feels cheap for this price point.,0,2,General
21934,SKULL SHOULDER BAG,2,Overpriced item. You can find better quality for half the price.,0,5,General
21934,SKULL SHOULDER BAG,3,Not worth the money. Very expensive for such basic quality.,0,5,General
21934,SKULL SHOULDER BAG,1,Overpriced for what it is. The material feels cheap for this price point.,0,2,General
21934,SKULL SHOULDER BAG,2,Overpriced item. You can find better quality for half the price.,0,2,General
21934,SKULL SHOULDER BAG,1,Felt ripped off. Cost too much for something that looks cheap.,0,5,General
21934,SKULL SHOULDER BAG,3,Felt ripped off. Cost too much for something that looks cheap.,0,0,General
21934,SKULL SHOULDER BAG,1,Felt ripped off. Cost too much for something that looks cheap.,0,4,General
21934,SKULL SHOULDER BAG,2,Felt ripped off. Cost too much for something that looks cheap.,0,7,General
21169,YOU'RE CONFUSING ME METAL SIGN ,5,"Excellent item, super fast delivery and true to size.",1,3,General
21169,YOU'RE CONFUSING ME METAL SIGN ,5,"Excellent item, super fast delivery and true to size.",1,1,General
21169,YOU'RE CONFUSING ME METAL SIGN ,4,Love this product! The quality is fantastic and fits perfectly.,1,8,General
21169,YOU'RE CONFUSING ME METAL SIGN ,5,"Excellent item, super fast delivery and true to size.",1,4,General
21169,YOU'RE CONFUSING ME METAL SIGN ,5,"Great purchase, looks amazing and very comfortable to wear.",1,3,General
21169,YOU'RE CONFUSING ME METAL SIGN ,4,"Great purchase, looks amazing and very comfortable to wear.",1,1,General
21166,COOK WITH WINE METAL SIGN ,3,Not worth the money. Very expensive for such basic quality.,0,2,General
21166,COOK WITH WINE METAL SIGN ,2,Not worth the money. Very expensive for such basic quality.,0,2,General
21166,COOK WITH WINE METAL SIGN ,2,Overpriced for what it is. The material feels cheap for this price point.,0,7,General
21166,COOK WITH WINE METAL SIGN ,3,Overpriced for what it is. The material feels cheap for this price point.,0,0,General
21166,COOK WITH WINE METAL SIGN ,2,Felt ripped off. Cost too much for something that looks cheap.,0,7,General
21166,COOK WITH WINE METAL SIGN ,2,Overpriced item. You can find better quality for half the price.,0,6,General
21166,COOK WITH WINE METAL SIGN ,2,Not worth the money. Very expensive for such basic quality.,0,1,General
21166,COOK WITH WINE METAL SIGN ,1,Felt ripped off. Cost too much for something that looks cheap.,0,4,General
21166,COOK WITH WINE METAL SIGN ,1,Not worth the money. Very expensive for such basic quality.,0,8,General
21175,GIN + TONIC DIET METAL SIGN,5,Love this product! The quality is fantastic and fits perfectly.,1,1,General
21175,GIN + TONIC DIET METAL SIGN,4,Love this product! The quality is fantastic and fits perfectly.,1,8,General
21175,GIN + TONIC DIET METAL SIGN,5,Love this product! The quality is fantastic and fits perfectly.,1,1,General
21175,GIN + TONIC DIET METAL SIGN,4,"High quality fabric, beautiful color, would definitely buy again!",1,4,General
21175,GIN + TONIC DIET METAL SIGN,5,Love this product! The quality is fantastic and fits perfectly.,1,7,General
21175,GIN + TONIC DIET METAL SIGN,4,"Excellent item, super fast delivery and true to size.",1,6,General
21175,GIN + TONIC DIET METAL SIGN,5,"High quality fabric, beautiful color, would definitely buy again!",1,2,General
21175,GIN + TONIC DIET METAL SIGN,4,"Great purchase, looks amazing and very comfortable to wear.",1,9,General
21175,GIN + TONIC DIET METAL SIGN,5,"Excellent item, super fast delivery and true to size.",1,8,General
21175,GIN + TONIC DIET METAL SIGN,4,Love this product! The quality is fantastic and fits perfectly.,1,3,General
37444A,YELLOW BREAKFAST CUP AND SAUCER,2,"Way too small! Order at least two sizes up, the sleeves are very tight.",0,3,General
37444A,YELLOW BREAKFAST CUP AND SAUCER,1,Runs very large and baggy. Had to return it for a smaller size.,0,4,General
37444A,YELLOW BREAKFAST CUP AND SAUCER,1,The fit is very awkward and much shorter than shown in photos.,0,4,General
37444C,PINK BREAKFAST CUP AND SAUCER ,3,Overpriced item. You can find better quality for half the price.,0,5,General
37444C,PINK BREAKFAST CUP AND SAUCER ,3,Overpriced item. You can find better quality for half the price.,0,3,General
37444C,PINK BREAKFAST CUP AND SAUCER ,2,Not worth the money. Very expensive for such basic quality.,0,1,General
37444C,PINK BREAKFAST CUP AND SAUCER ,3,Overpriced for what it is. The material feels cheap for this price point.,0,4,General
37444C,PINK BREAKFAST CUP AND SAUCER ,2,Overpriced item. You can find better quality for half the price.,0,0,General
37444C,PINK BREAKFAST CUP AND SAUCER ,3,Felt ripped off. Cost too much for something that looks cheap.,0,5,General
37444C,PINK BREAKFAST CUP AND SAUCER ,1,Overpriced for what it is. The material feels cheap for this price point.,0,4,General
37444C,PINK BREAKFAST CUP AND SAUCER ,1,Overpriced for what it is. The material feels cheap for this price point.,0,2,General
37444C,PINK BREAKFAST CUP AND SAUCER ,2,Not worth the money. Very expensive for such basic quality.,0,3,General
37444C,PINK BREAKFAST CUP AND SAUCER ,2,Overpriced for what it is. The material feels cheap for this price point.,0,7,General
22083,PAPER CHAIN KIT RETROSPOT,2,"Way too small! Order at least two sizes up, the sleeves are very tight.",0,8,General
22083,PAPER CHAIN KIT RETROSPOT,3,The fit is very awkward and much shorter than shown in photos.,0,7,General
22083,PAPER CHAIN KIT RETROSPOT,3,The fit is very awkward and much shorter than shown in photos.,0,1,General
22083,PAPER CHAIN KIT RETROSPOT,2,The fit is very awkward and much shorter than shown in photos.,0,3,General
84971S,SMALL HEART FLOWERS HOOK ,5,"Great purchase, looks amazing and very comfortable to wear.",1,6,General
84971S,SMALL HEART FLOWERS HOOK ,4,"Great purchase, looks amazing and very comfortable to wear.",1,0,General
84971S,SMALL HEART FLOWERS HOOK ,5,Absolutely gorgeous item! Exceeded my expectations.,1,5,General
84971S,SMALL HEART FLOWERS HOOK ,4,Absolutely gorgeous item! Exceeded my expectations.,1,5,General
84971S,SMALL HEART FLOWERS HOOK ,4,"Great purchase, looks amazing and very comfortable to wear.",1,6,General
84971S,SMALL HEART FLOWERS HOOK ,4,"Great purchase, looks amazing and very comfortable to wear.",1,9,General
47580,TEA TIME DES TEA COSY,5,Love this product! The quality is fantastic and fits perfectly.,1,7,General
47580,TEA TIME DES TEA COSY,5,Love this product! The quality is fantastic and fits perfectly.,1,7,General
47580,TEA TIME DES TEA COSY,5,Love this product! The quality is fantastic and fits perfectly.,1,3,General
47580,TEA TIME DES TEA COSY,4,Love this product! The quality is fantastic and fits perfectly.,1,2,General
22261,FELT EGG COSY WHITE RABBIT ,1,"Quality is poor, threads coming loose everywhere.",0,8,General
22261,FELT EGG COSY WHITE RABBIT ,2,Ripped along the seam after just one wash. Poor material quality.,0,1,General
22261,FELT EGG COSY WHITE RABBIT ,2,Ripped along the seam after just one wash. Poor material quality.,0,8,General
22261,FELT EGG COSY WHITE RABBIT ,1,Disappointed with the material. Fabric is paper thin and see-through.,0,8,General
22261,FELT EGG COSY WHITE RABBIT ,1,"Quality is poor, threads coming loose everywhere.",0,8,General
22261,FELT EGG COSY WHITE RABBIT ,1,Disappointed with the material. Fabric is paper thin and see-through.,0,8,General
22261,FELT EGG COSY WHITE RABBIT ,2,Color faded immediately after washing. Very rough fabric.,0,5,General
84832,ZINC WILLIE WINKIE  CANDLE STICK,5,"High quality fabric, beautiful color, would definitely buy again!",1,1,General
84832,ZINC WILLIE WINKIE  CANDLE STICK,4,"Great purchase, looks amazing and very comfortable to wear.",1,8,General
84832,ZINC WILLIE WINKIE  CANDLE STICK,4,"High quality fabric, beautiful color, would definitely buy again!",1,0,General
84832,ZINC WILLIE WINKIE  CANDLE STICK,4,Love this product! The quality is fantastic and fits perfectly.,1,0,General
84832,ZINC WILLIE WINKIE  CANDLE STICK,5,"Excellent item, super fast delivery and true to size.",1,6,General
84832,ZINC WILLIE WINKIE  CANDLE STICK,4,Absolutely gorgeous item! Exceeded my expectations.,1,8,General
84832,ZINC WILLIE WINKIE  CANDLE STICK,4,Love this product! The quality is fantastic and fits perfectly.,1,0,General
84832,ZINC WILLIE WINKIE  CANDLE STICK,5,"High quality fabric, beautiful color, would definitely buy again!",1,5,General
22644,CERAMIC CHERRY CAKE MONEY BANK,5,"Great purchase, looks amazing and very comfortable to wear.",1,8,General
22644,CERAMIC CHERRY CAKE MONEY BANK,4,"High quality fabric, beautiful color, would definitely buy again!",1,9,General
22644,CERAMIC CHERRY CAKE MONEY BANK,5,"Great purchase, looks amazing and very comfortable to wear.",1,4,General
22644,CERAMIC CHERRY CAKE MONEY BANK,5,Absolutely gorgeous item! Exceeded my expectations.,1,8,General
22644,CERAMIC CHERRY CAKE MONEY BANK,4,"Excellent item, super fast delivery and true to size.",1,1,General
21533,RETROSPOT LARGE MILK JUG,5,"High quality fabric, beautiful color, would definitely buy again!",1,6,General
21533,RETROSPOT LARGE MILK JUG,5,"Great purchase, looks amazing and very comfortable to wear.",1,4,General
21533,RETROSPOT LARGE MILK JUG,4,"High quality fabric, beautiful color, would definitely buy again!",1,4,General
21533,RETROSPOT LARGE MILK JUG,4,"Excellent item, super fast delivery and true to size.",1,8,General
21533,RETROSPOT LARGE MILK JUG,4,"Excellent item, super fast delivery and true to size.",1,2,General
21533,RETROSPOT LARGE MILK JUG,4,"Excellent item, super fast delivery and true to size.",1,5,General
21557,SET OF 6 FUNKY BEAKERS,5,Absolutely gorgeous item! Exceeded my expectations.,1,2,General
21557,SET OF 6 FUNKY BEAKERS,5,"Great purchase, looks amazing and very comfortable to wear.",1,1,General
21557,SET OF 6 FUNKY BEAKERS,4,"Great purchase, looks amazing and very comfortable to wear.",1,3,General
21557,SET OF 6 FUNKY BEAKERS,4,"Great purchase, looks amazing and very comfortable to wear.",1,6,General
21557,SET OF 6 FUNKY BEAKERS,5,"Excellent item, super fast delivery and true to size.",1,6,General
21557,SET OF 6 FUNKY BEAKERS,4,Absolutely gorgeous item! Exceeded my expectations.,1,6,General
15056BL,EDWARDIAN PARASOL BLACK,4,"Great purchase, looks amazing and very comfortable to wear.",1,9,General
15056BL,EDWARDIAN PARASOL BLACK,5,"Excellent item, super fast delivery and true to size.",1,3,General
15056BL,EDWARDIAN PARASOL BLACK,5,Love this product! The quality is fantastic and fits perfectly.,1,7,General
15056N,EDWARDIAN PARASOL NATURAL,5,Absolutely gorgeous item! Exceeded my expectations.,1,8,General
15056N,EDWARDIAN PARASOL NATURAL,4,"Great purchase, looks amazing and very comfortable to wear.",1,9,General
15056N,EDWARDIAN PARASOL NATURAL,4,"Great purchase, looks amazing and very comfortable to wear.",1,9,General
15056N,EDWARDIAN PARASOL NATURAL,5,Love this product! The quality is fantastic and fits perfectly.,1,4,General
15056N,EDWARDIAN PARASOL NATURAL,5,"Excellent item, super fast delivery and true to size.",1,7,General
15056N,EDWARDIAN PARASOL NATURAL,5,"High quality fabric, beautiful color, would definitely buy again!",1,6,General
15056N,EDWARDIAN PARASOL NATURAL,4,"Great purchase, looks amazing and very comfortable to wear.",1,1,General
15056N,EDWARDIAN PARASOL NATURAL,5,"High quality fabric, beautiful color, would definitely buy again!",1,9,General
15056N,EDWARDIAN PARASOL NATURAL,4,Love this product! The quality is fantastic and fits perfectly.,1,1,General
22646,CERAMIC STRAWBERRY CAKE MONEY BANK,5,"High quality fabric, beautiful color, would definitely buy again!",1,1,General
22646,CERAMIC STRAWBERRY CAKE MONEY BANK,4,Love this product! The quality is fantastic and fits perfectly.,1,4,General
22646,CERAMIC STRAWBERRY CAKE MONEY BANK,5,Love this product! The quality is fantastic and fits perfectly.,1,4,General
22176,BLUE OWL SOFT TOY,3,Runs very large and baggy. Had to return it for a smaller size.,0,9,General
22176,BLUE OWL SOFT TOY,2,"Way too small! Order at least two sizes up, the sleeves are very tight.",0,8,General
22176,BLUE OWL SOFT TOY,1,Sizing is completely off. It fits loose around the waist but tight on shoulders.,0,1,General
22176,BLUE OWL SOFT TOY,3,Runs very large and baggy. Had to return it for a smaller size.,0,6,General
22176,BLUE OWL SOFT TOY,2,"Way too small! Order at least two sizes up, the sleeves are very tight.",0,2,General
22176,BLUE OWL SOFT TOY,2,Sizing is completely off. It fits loose around the waist but tight on shoulders.,0,6,General
22176,BLUE OWL SOFT TOY,1,"Way too small! Order at least two sizes up, the sleeves are very tight.",0,6,General
22176,BLUE OWL SOFT TOY,2,Runs very large and baggy. Had to return it for a smaller size.,0,2,General
22176,BLUE OWL SOFT TOY,2,Runs very large and baggy. Had to return it for a smaller size.,0,5,General
22438,BALLOON ART MAKE YOUR OWN FLOWERS,2,"Way too small! Order at least two sizes up, the sleeves are very tight.",0,3,General
22438,BALLOON ART MAKE YOUR OWN FLOWERS,1,Runs very large and baggy. Had to return it for a smaller size.,0,0,General
22438,BALLOON ART MAKE YOUR OWN FLOWERS,3,Runs very large and baggy. Had to return it for a smaller size.,0,8,General
22438,BALLOON ART MAKE YOUR OWN FLOWERS,1,Runs very large and baggy. Had to return it for a smaller size.,0,5,General
22438,BALLOON ART MAKE YOUR OWN FLOWERS,3,"Way too small! Order at least two sizes up, the sleeves are very tight.",0,3,General
22438,BALLOON ART MAKE YOUR OWN FLOWERS,1,"Way too small! Order at least two sizes up, the sleeves are very tight.",0,1,General
22438,BALLOON ART MAKE YOUR OWN FLOWERS,1,Runs very large and baggy. Had to return it for a smaller size.,0,4,General
22438,BALLOON ART MAKE YOUR OWN FLOWERS,2,Runs very large and baggy. Had to return it for a smaller size.,0,7,General
22438,BALLOON ART MAKE YOUR OWN FLOWERS,3,Sizing is completely off. It fits loose around the waist but tight on shoulders.,0,5,General
22778,GLASS CLOCHE SMALL,4,"Great purchase, looks amazing and very comfortable to wear.",1,1,General
22778,GLASS CLOCHE SMALL,4,Love this product! The quality is fantastic and fits perfectly.,1,1,General
22778,GLASS CLOCHE SMALL,5,"Excellent item, super fast delivery and true to size.",1,5,General
22778,GLASS CLOCHE SMALL,5,"Excellent item, super fast delivery and true to size.",1,3,General
22778,GLASS CLOCHE SMALL,4,Absolutely gorgeous item! Exceeded my expectations.,1,8,General
22719,GUMBALL MONOCHROME COAT RACK,4,"Excellent item, super fast delivery and true to size.",1,7,General
22719,GUMBALL MONOCHROME COAT RACK,4,"Excellent item, super fast delivery and true to size.",1,6,General
22719,GUMBALL MONOCHROME COAT RACK,4,"Excellent item, super fast delivery and true to size.",1,7,General
22719,GUMBALL MONOCHROME COAT RACK,5,Absolutely gorgeous item! Exceeded my expectations.,1,7,General
22719,GUMBALL MONOCHROME COAT RACK,4,"Excellent item, super fast delivery and true to size.",1,8,General
22719,GUMBALL MONOCHROME COAT RACK,5,Absolutely gorgeous item! Exceeded my expectations.,1,5,General
22719,GUMBALL MONOCHROME COAT RACK,5,"Great purchase, looks amazing and very comfortable to wear.",1,6,General
22719,GUMBALL MONOCHROME COAT RACK,4,Love this product! The quality is fantastic and fits perfectly.,1,5,General
22719,GUMBALL MONOCHROME COAT RACK,5,"Excellent item, super fast delivery and true to size.",1,3,General
22719,GUMBALL MONOCHROME COAT RACK,4,Love this product! The quality is fantastic and fits perfectly.,1,1,General
22719,GUMBALL MONOCHROME COAT RACK,5,Absolutely gorgeous item! Exceeded my expectations.,1,8,General
21523,DOORMAT FANCY FONT HOME SWEET HOME,4,Love this product! The quality is fantastic and fits perfectly.,1,2,General
21523,DOORMAT FANCY FONT HOME SWEET HOME,5,"Excellent item, super fast delivery and true to size.",1,6,General
21523,DOORMAT FANCY FONT HOME SWEET HOME,5,"Great purchase, looks amazing and very comfortable to wear.",1,1,General
21523,DOORMAT FANCY FONT HOME SWEET HOME,5,"High quality fabric, beautiful color, would definitely buy again!",1,5,General
21523,DOORMAT FANCY FONT HOME SWEET HOME,4,"Excellent item, super fast delivery and true to size.",1,3,General
21523,DOORMAT FANCY FONT HOME SWEET HOME,5,"Great purchase, looks amazing and very comfortable to wear.",1,0,General
21523,DOORMAT FANCY FONT HOME SWEET HOME,5,"Great purchase, looks amazing and very comfortable to wear.",1,1,General
21523,DOORMAT FANCY FONT HOME SWEET HOME,4,Absolutely gorgeous item! Exceeded my expectations.,1,7,General
21523,DOORMAT FANCY FONT HOME SWEET HOME,5,"Great purchase, looks amazing and very comfortable to wear.",1,5,General
21523,DOORMAT FANCY FONT HOME SWEET HOME,5,"High quality fabric, beautiful color, would definitely buy again!",1,6,General
21523,DOORMAT FANCY FONT HOME SWEET HOME,5,"Excellent item, super fast delivery and true to size.",1,8,General
D,Discount,4,"Great purchase, looks amazing and very comfortable to wear.",1,1,General
D,Discount,5,"High quality fabric, beautiful color, would definitely buy again!",1,3,General
D,Discount,5,"Great purchase, looks amazing and very comfortable to wear.",1,9,General
D,Discount,5,Love this product! The quality is fantastic and fits perfectly.,1,8,General
D,Discount,5,Absolutely gorgeous item! Exceeded my expectations.,1,0,General
21912,VINTAGE SNAKES & LADDERS,2,Ripped along the seam after just one wash. Poor material quality.,0,3,General
21912,VINTAGE SNAKES & LADDERS,3,Color faded immediately after washing. Very rough fabric.,0,8,General
21912,VINTAGE SNAKES & LADDERS,1,Ripped along the seam after just one wash. Poor material quality.,0,4,General
21832,CHOCOLATE CALCULATOR,5,"Great purchase, looks amazing and very comfortable to wear.",1,8,General
21832,CHOCOLATE CALCULATOR,4,"Excellent item, super fast delivery and true to size.",1,3,General
21832,CHOCOLATE CALCULATOR,4,"Great purchase, looks amazing and very comfortable to wear.",1,5,General
21832,CHOCOLATE CALCULATOR,4,Absolutely gorgeous item! Exceeded my expectations.,1,1,General
21832,CHOCOLATE CALCULATOR,4,"Excellent item, super fast delivery and true to size.",1,2,General
21832,CHOCOLATE CALCULATOR,4,"High quality fabric, beautiful color, would definitely buy again!",1,2,General
21832,CHOCOLATE CALCULATOR,5,"Great purchase, looks amazing and very comfortable to wear.",1,8,General
22379,RECYCLING BAG RETROSPOT ,4,Absolutely gorgeous item! Exceeded my expectations.,1,7,General
22379,RECYCLING BAG RETROSPOT ,4,Love this product! The quality is fantastic and fits perfectly.,1,2,General
22379,RECYCLING BAG RETROSPOT ,4,Love this product! The quality is fantastic and fits perfectly.,1,4,General
22379,RECYCLING BAG RETROSPOT ,5,Love this product! The quality is fantastic and fits perfectly.,1,2,General
22381,TOY TIDY PINK POLKADOT,5,"Excellent item, super fast delivery and true to size.",1,6,General
22381,TOY TIDY PINK POLKADOT,4,Love this product! The quality is fantastic and fits perfectly.,1,6,General
22381,TOY TIDY PINK POLKADOT,5,"Excellent item, super fast delivery and true to size.",1,3,General
22798,ANTIQUE GLASS DRESSING TABLE POT,2,The fit is very awkward and much shorter than shown in photos.,0,4,General
22798,ANTIQUE GLASS DRESSING TABLE POT,3,Runs very large and baggy. Had to return it for a smaller size.,0,2,General
22798,ANTIQUE GLASS DRESSING TABLE POT,3,The fit is very awkward and much shorter than shown in photos.,0,5,General
22798,ANTIQUE GLASS DRESSING TABLE POT,3,Sizing is completely off. It fits loose around the waist but tight on shoulders.,0,4,General
22798,ANTIQUE GLASS DRESSING TABLE POT,2,"Way too small! Order at least two sizes up, the sleeves are very tight.",0,4,General
22798,ANTIQUE GLASS DRESSING TABLE POT,3,Sizing is completely off. It fits loose around the waist but tight on shoulders.,0,1,General
22798,ANTIQUE GLASS DRESSING TABLE POT,3,Sizing is completely off. It fits loose around the waist but tight on shoulders.,0,4,General
22798,ANTIQUE GLASS DRESSING TABLE POT,2,Sizing is completely off. It fits loose around the waist but tight on shoulders.,0,4,General
22926,IVORY GIANT GARDEN THERMOMETER,1,Felt ripped off. Cost too much for something that looks cheap.,0,0,General
22926,IVORY GIANT GARDEN THERMOMETER,1,Overpriced for what it is. The material feels cheap for this price point.,0,9,General
22926,IVORY GIANT GARDEN THERMOMETER,1,Not worth the money. Very expensive for such basic quality.,0,4,General
22926,IVORY GIANT GARDEN THERMOMETER,2,Overpriced for what it is. The material feels cheap for this price point.,0,4,General
22926,IVORY GIANT GARDEN THERMOMETER,1,Overpriced for what it is. The material feels cheap for this price point.,0,2,General
22926,IVORY GIANT GARDEN THERMOMETER,3,Overpriced for what it is. The material feels cheap for this price point.,0,4,General
22926,IVORY GIANT GARDEN THERMOMETER,3,Overpriced item. You can find better quality for half the price.,0,4,General
22926,IVORY GIANT GARDEN THERMOMETER,2,Not worth the money. Very expensive for such basic quality.,0,3,General
22926,IVORY GIANT GARDEN THERMOMETER,2,Not worth the money. Very expensive for such basic quality.,0,7,General
22926,IVORY GIANT GARDEN THERMOMETER,1,Felt ripped off. Cost too much for something that looks cheap.,0,3,General
22839,3 TIER CAKE TIN GREEN AND CREAM,1,Ripped along the seam after just one wash. Poor material quality.,0,0,General
22839,3 TIER CAKE TIN GREEN AND CREAM,1,Disappointed with the material. Fabric is paper thin and see-through.,0,7,General
22839,3 TIER CAKE TIN GREEN AND CREAM,1,Disappointed with the material. Fabric is paper thin and see-through.,0,0,General
22839,3 TIER CAKE TIN GREEN AND CREAM,1,Ripped along the seam after just one wash. Poor material quality.,0,0,General
22839,3 TIER CAKE TIN GREEN AND CREAM,2,Ripped along the seam after just one wash. Poor material quality.,0,9,General
22839,3 TIER CAKE TIN GREEN AND CREAM,1,"Quality is poor, threads coming loose everywhere.",0,6,General
22839,3 TIER CAKE TIN GREEN AND CREAM,3,Ripped along the seam after just one wash. Poor material quality.,0,5,General
22838,3 TIER CAKE TIN RED AND CREAM,3,Runs very large and baggy. Had to return it for a smaller size.,0,7,General
22838,3 TIER CAKE TIN RED AND CREAM,3,"Way too small! Order at least two sizes up, the sleeves are very tight.",0,4,General
22838,3 TIER CAKE TIN RED AND CREAM,1,Runs very large and baggy. Had to return it for a smaller size.,0,6,General
22783,SET 3 WICKER OVAL BASKETS W LIDS,3,"Way too small! Order at least two sizes up, the sleeves are very tight.",0,0,General
22783,SET 3 WICKER OVAL BASKETS W LIDS,3,"Way too small! Order at least two sizes up, the sleeves are very tight.",0,7,General
22783,SET 3 WICKER OVAL BASKETS W LIDS,1,The fit is very awkward and much shorter than shown in photos.,0,4,General
22783,SET 3 WICKER OVAL BASKETS W LIDS,1,Runs very large and baggy. Had to return it for a smaller size.,0,7,General
22783,SET 3 WICKER OVAL BASKETS W LIDS,3,Sizing is completely off. It fits loose around the waist but tight on shoulders.,0,3,General
22783,SET 3 WICKER OVAL BASKETS W LIDS,3,The fit is very awkward and much shorter than shown in photos.,0,2,General
22783,SET 3 WICKER OVAL BASKETS W LIDS,3,The fit is very awkward and much shorter than shown in photos.,0,2,General
22783,SET 3 WICKER OVAL BASKETS W LIDS,2,The fit is very awkward and much shorter than shown in photos.,0,4,General
22783,SET 3 WICKER OVAL BASKETS W LIDS,2,"Way too small! Order at least two sizes up, the sleeves are very tight.",0,5,General
22783,SET 3 WICKER OVAL BASKETS W LIDS,2,Runs very large and baggy. Had to return it for a smaller size.,0,5,General
35004C,SET OF 3 COLOURED  FLYING DUCKS,4,Love this product! The quality is fantastic and fits perfectly.,1,1,General
35004C,SET OF 3 COLOURED  FLYING DUCKS,4,"Great purchase, looks amazing and very comfortable to wear.",1,0,General
35004C,SET OF 3 COLOURED  FLYING DUCKS,5,"Excellent item, super fast delivery and true to size.",1,3,General
82484,WOOD BLACK BOARD ANT WHITE FINISH,2,Overpriced for what it is. The material feels cheap for this price point.,0,6,General
82484,WOOD BLACK BOARD ANT WHITE FINISH,3,Not worth the money. Very expensive for such basic quality.,0,1,General
82484,WOOD BLACK BOARD ANT WHITE FINISH,1,Not worth the money. Very expensive for such basic quality.,0,3,General
82484,WOOD BLACK BOARD ANT WHITE FINISH,3,Overpriced item. You can find better quality for half the price.,0,7,General
82484,WOOD BLACK BOARD ANT WHITE FINISH,2,Not worth the money. Very expensive for such basic quality.,0,4,General
82484,WOOD BLACK BOARD ANT WHITE FINISH,3,Overpriced item. You can find better quality for half the price.,0,1,General
82484,WOOD BLACK BOARD ANT WHITE FINISH,2,Felt ripped off. Cost too much for something that looks cheap.,0,0,General
82484,WOOD BLACK BOARD ANT WHITE FINISH,2,Overpriced item. You can find better quality for half the price.,0,6,General
82484,WOOD BLACK BOARD ANT WHITE FINISH,1,Overpriced for what it is. The material feels cheap for this price point.,0,7,General
82484,WOOD BLACK BOARD ANT WHITE FINISH,2,Felt ripped off. Cost too much for something that looks cheap.,0,9,General
82484,WOOD BLACK BOARD ANT WHITE FINISH,2,Overpriced for what it is. The material feels cheap for this price point.,0,5,General
84755,COLOUR GLASS T-LIGHT HOLDER HANGING,5,Absolutely gorgeous item! Exceeded my expectations.,1,2,General
84755,COLOUR GLASS T-LIGHT HOLDER HANGING,5,Love this product! The quality is fantastic and fits perfectly.,1,4,General
84755,COLOUR GLASS T-LIGHT HOLDER HANGING,5,"High quality fabric, beautiful color, would definitely buy again!",1,6,General
84755,COLOUR GLASS T-LIGHT HOLDER HANGING,5,Love this product! The quality is fantastic and fits perfectly.,1,8,General
84755,COLOUR GLASS T-LIGHT HOLDER HANGING,4,"Great purchase, looks amazing and very comfortable to wear.",1,4,General
84755,COLOUR GLASS T-LIGHT HOLDER HANGING,5,"Excellent item, super fast delivery and true to size.",1,5,General
22464,HANGING METAL HEART LANTERN,1,Not worth the money. Very expensive for such basic quality.,0,1,General
22464,HANGING METAL HEART LANTERN,1,Not worth the money. Very expensive for such basic quality.,0,4,General
22464,HANGING METAL HEART LANTERN,3,Felt ripped off. Cost too much for something that looks cheap.,0,1,General
22464,HANGING METAL HEART LANTERN,3,Felt ripped off. Cost too much for something that looks cheap.,0,2,General
22464,HANGING METAL HEART LANTERN,1,Felt ripped off. Cost too much for something that looks cheap.,0,5,General
22464,HANGING METAL HEART LANTERN,1,Felt ripped off. Cost too much for something that looks cheap.,0,0,General
22464,HANGING METAL HEART LANTERN,3,Overpriced item. You can find better quality for half the price.,0,5,General
22464,HANGING METAL HEART LANTERN,3,Felt ripped off. Cost too much for something that looks cheap.,0,6,General
22464,HANGING METAL HEART LANTERN,3,Overpriced item. You can find better quality for half the price.,0,8,General
22464,HANGING METAL HEART LANTERN,1,Overpriced item. You can find better quality for half the price.,0,7,General
22464,HANGING METAL HEART LANTERN,2,Not worth the money. Very expensive for such basic quality.,0,7,General
21324,HANGING MEDINA LANTERN SMALL,4,"High quality fabric, beautiful color, would definitely buy again!",1,3,General
21324,HANGING MEDINA LANTERN SMALL,5,"High quality fabric, beautiful color, would definitely buy again!",1,9,General
21324,HANGING MEDINA LANTERN SMALL,4,"Great purchase, looks amazing and very comfortable to wear.",1,8,General
21324,HANGING MEDINA LANTERN SMALL,4,"Great purchase, looks amazing and very comfortable to wear.",1,6,General
21324,HANGING MEDINA LANTERN SMALL,4,"High quality fabric, beautiful color, would definitely buy again!",1,1,General
21324,HANGING MEDINA LANTERN SMALL,5,Love this product! The quality is fantastic and fits perfectly.,1,8,General
21324,HANGING MEDINA LANTERN SMALL,5,"Excellent item, super fast delivery and true to size.",1,5,General
22457,NATURAL SLATE HEART CHALKBOARD ,1,Overpriced item. You can find better quality for half the price.,0,8,General
22457,NATURAL SLATE HEART CHALKBOARD ,1,Not worth the money. Very expensive for such basic quality.,0,8,General
22457,NATURAL SLATE HEART CHALKBOARD ,3,Overpriced item. You can find better quality for half the price.,0,2,General
22457,NATURAL SLATE HEART CHALKBOARD ,3,Felt ripped off. Cost too much for something that looks cheap.,0,5,General
22457,NATURAL SLATE HEART CHALKBOARD ,3,Overpriced item. You can find better quality for half the price.,0,4,General
22457,NATURAL SLATE HEART CHALKBOARD ,3,Not worth the money. Very expensive for such basic quality.,0,3,General
22457,NATURAL SLATE HEART CHALKBOARD ,2,Overpriced item. You can find better quality for half the price.,0,7,General
22457,NATURAL SLATE HEART CHALKBOARD ,3,Not worth the money. Very expensive for such basic quality.,0,9,General
22469,HEART OF WICKER SMALL,5,Absolutely gorgeous item! Exceeded my expectations.,1,5,General
22469,HEART OF WICKER SMALL,5,"Excellent item, super fast delivery and true to size.",1,8,General
22469,HEART OF WICKER SMALL,5,Absolutely gorgeous item! Exceeded my expectations.,1,0,General
22469,HEART OF WICKER SMALL,4,"Excellent item, super fast delivery and true to size.",1,2,General
22469,HEART OF WICKER SMALL,5,Absolutely gorgeous item! Exceeded my expectations.,1,9,General
22469,HEART OF WICKER SMALL,5,"Excellent item, super fast delivery and true to size.",1,7,General
22469,HEART OF WICKER SMALL,5,"Great purchase, looks amazing and very comfortable to wear.",1,1,General
22470,HEART OF WICKER LARGE,3,"Way too small! Order at least two sizes up, the sleeves are very tight.",0,2,General
22470,HEART OF WICKER LARGE,1,Sizing is completely off. It fits loose around the waist but tight on shoulders.,0,9,General
22470,HEART OF WICKER LARGE,1,Sizing is completely off. It fits loose around the waist but tight on shoulders.,0,3,General
22470,HEART OF WICKER LARGE,3,Runs very large and baggy. Had to return it for a smaller size.,0,3,General
22470,HEART OF WICKER LARGE,3,Sizing is completely off. It fits loose around the waist but tight on shoulders.,0,0,General
22224,WHITE LOVEBIRD LANTERN,4,"Excellent item, super fast delivery and true to size.",1,8,General
22224,WHITE LOVEBIRD LANTERN,5,"Excellent item, super fast delivery and true to size.",1,0,General
22224,WHITE LOVEBIRD LANTERN,5,Love this product! The quality is fantastic and fits perfectly.,1,3,General
22224,WHITE LOVEBIRD LANTERN,5,"Excellent item, super fast delivery and true to size.",1,5,General
21340,CLASSIC METAL BIRDCAGE PLANT HOLDER,2,Disappointed with the material. Fabric is paper thin and see-through.,0,4,General
21340,CLASSIC METAL BIRDCAGE PLANT HOLDER,1,Disappointed with the material. Fabric is paper thin and see-through.,0,9,General
21340,CLASSIC METAL BIRDCAGE PLANT HOLDER,3,Ripped along the seam after just one wash. Poor material quality.,0,0,General
21340,CLASSIC METAL BIRDCAGE PLANT HOLDER,2,Ripped along the seam after just one wash. Poor material quality.,0,5,General
21340,CLASSIC METAL BIRDCAGE PLANT HOLDER,2,Disappointed with the material. Fabric is paper thin and see-through.,0,0,General
21340,CLASSIC METAL BIRDCAGE PLANT HOLDER,1,Color faded immediately after washing. Very rough fabric.,0,2,General
21340,CLASSIC METAL BIRDCAGE PLANT HOLDER,3,Disappointed with the material. Fabric is paper thin and see-through.,0,9,General
21340,CLASSIC METAL BIRDCAGE PLANT HOLDER,2,Color faded immediately after washing. Very rough fabric.,0,9,General
21340,CLASSIC METAL BIRDCAGE PLANT HOLDER,1,Color faded immediately after washing. Very rough fabric.,0,4,General
22189,CREAM HEART CARD HOLDER,5,"Great purchase, looks amazing and very comfortable to wear.",1,4,General
22189,CREAM HEART CARD HOLDER,5,"Excellent item, super fast delivery and true to size.",1,9,General
22189,CREAM HEART CARD HOLDER,5,"Excellent item, super fast delivery and true to size.",1,6,General
22189,CREAM HEART CARD HOLDER,4,"Great purchase, looks amazing and very comfortable to wear.",1,0,General
22189,CREAM HEART CARD HOLDER,5,Love this product! The quality is fantastic and fits perfectly.,1,5,General
22189,CREAM HEART CARD HOLDER,5,Love this product! The quality is fantastic and fits perfectly.,1,8,General
22189,CREAM HEART CARD HOLDER,5,"Excellent item, super fast delivery and true to size.",1,8,General
22427,ENAMEL FLOWER JUG CREAM,2,"Quality is poor, threads coming loose everywhere.",0,5,General
22427,ENAMEL FLOWER JUG CREAM,3,"Quality is poor, threads coming loose everywhere.",0,2,General
22427,ENAMEL FLOWER JUG CREAM,2,Color faded immediately after washing. Very rough fabric.,0,7,General
22427,ENAMEL FLOWER JUG CREAM,2,Ripped along the seam after just one wash. Poor material quality.,0,9,General
22427,ENAMEL FLOWER JUG CREAM,1,Disappointed with the material. Fabric is paper thin and see-through.,0,5,General
22427,ENAMEL FLOWER JUG CREAM,1,"Quality is poor, threads coming loose everywhere.",0,3,General
22427,ENAMEL FLOWER JUG CREAM,3,"Quality is poor, threads coming loose everywhere.",0,3,General
22427,ENAMEL FLOWER JUG CREAM,2,Ripped along the seam after just one wash. Poor material quality.,0,8,General
22427,ENAMEL FLOWER JUG CREAM,2,Disappointed with the material. Fabric is paper thin and see-through.,0,0,General
22427,ENAMEL FLOWER JUG CREAM,3,Color faded immediately after washing. Very rough fabric.,0,5,General
22428,ENAMEL FIRE BUCKET CREAM,3,"Quality is poor, threads coming loose everywhere.",0,3,General
22428,ENAMEL FIRE BUCKET CREAM,3,"Quality is poor, threads coming loose everywhere.",0,6,General
22428,ENAMEL FIRE BUCKET CREAM,2,Disappointed with the material. Fabric is paper thin and see-through.,0,9,General
22428,ENAMEL FIRE BUCKET CREAM,2,"Quality is poor, threads coming loose everywhere.",0,8,General
22424,ENAMEL BREAD BIN CREAM,4,"Great purchase, looks amazing and very comfortable to wear.",1,2,General
22424,ENAMEL BREAD BIN CREAM,4,"Great purchase, looks amazing and very comfortable to wear.",1,7,General
22424,ENAMEL BREAD BIN CREAM,4,Love this product! The quality is fantastic and fits perfectly.,1,2,General
22424,ENAMEL BREAD BIN CREAM,4,Love this product! The quality is fantastic and fits perfectly.,1,8,General
22424,ENAMEL BREAD BIN CREAM,4,Absolutely gorgeous item! Exceeded my expectations.,1,0,General
22424,ENAMEL BREAD BIN CREAM,4,"Great purchase, looks amazing and very comfortable to wear.",1,3,General
22424,ENAMEL BREAD BIN CREAM,4,"Great purchase, looks amazing and very comfortable to wear.",1,6,General
22663,JUMBO BAG DOLLY GIRL DESIGN,1,"Way too small! Order at least two sizes up, the sleeves are very tight.",0,1,General
22663,JUMBO BAG DOLLY GIRL DESIGN,2,Runs very large and baggy. Had to return it for a smaller size.,0,8,General
22663,JUMBO BAG DOLLY GIRL DESIGN,2,The fit is very awkward and much shorter than shown in photos.,0,0,General
85049A,TRADITIONAL CHRISTMAS RIBBONS,4,"Great purchase, looks amazing and very comfortable to wear.",1,9,General
85049A,TRADITIONAL CHRISTMAS RIBBONS,4,Absolutely gorgeous item! Exceeded my expectations.,1,1,General
85049A,TRADITIONAL CHRISTMAS RIBBONS,5,Love this product! The quality is fantastic and fits perfectly.,1,9,General
85049A,TRADITIONAL CHRISTMAS RIBBONS,5,"Great purchase, looks amazing and very comfortable to wear.",1,2,General
85049A,TRADITIONAL CHRISTMAS RIBBONS,4,Absolutely gorgeous item! Exceeded my expectations.,1,5,General
85049A,TRADITIONAL CHRISTMAS RIBBONS,5,"Excellent item, super fast delivery and true to size.",1,7,General
85049A,TRADITIONAL CHRISTMAS RIBBONS,4,"Excellent item, super fast delivery and true to size.",1,9,General
85049A,TRADITIONAL CHRISTMAS RIBBONS,5,"High quality fabric, beautiful color, would definitely buy again!",1,2,General
22168,ORGANISER WOOD ANTIQUE WHITE ,2,Overpriced for what it is. The material feels cheap for this price point.,0,3,General
22168,ORGANISER WOOD ANTIQUE WHITE ,2,Not worth the money. Very expensive for such basic quality.,0,7,General
22168,ORGANISER WOOD ANTIQUE WHITE ,1,Overpriced item. You can find better quality for half the price.,0,5,General
22168,ORGANISER WOOD ANTIQUE WHITE ,2,Overpriced item. You can find better quality for half the price.,0,8,General
22168,ORGANISER WOOD ANTIQUE WHITE ,2,Overpriced item. You can find better quality for half the price.,0,9,General
22168,ORGANISER WOOD ANTIQUE WHITE ,3,Overpriced for what it is. The material feels cheap for this price point.,0,1,General
22168,ORGANISER WOOD ANTIQUE WHITE ,2,Overpriced for what it is. The material feels cheap for this price point.,0,2,General
22168,ORGANISER WOOD ANTIQUE WHITE ,1,Overpriced item. You can find better quality for half the price.,0,9,General
22168,ORGANISER WOOD ANTIQUE WHITE ,3,Overpriced item. You can find better quality for half the price.,0,5,General
22662,LUNCH BAG DOLLY GIRL DESIGN,4,Love this product! The quality is fantastic and fits perfectly.,1,1,General
22662,LUNCH BAG DOLLY GIRL DESIGN,4,"High quality fabric, beautiful color, would definitely buy again!",1,4,General
22662,LUNCH BAG DOLLY GIRL DESIGN,4,"High quality fabric, beautiful color, would definitely buy again!",1,7,General
22662,LUNCH BAG DOLLY GIRL DESIGN,5,"Excellent item, super fast delivery and true to size.",1,7,General
22662,LUNCH BAG DOLLY GIRL DESIGN,5,"Excellent item, super fast delivery and true to size.",1,8,General
22662,LUNCH BAG DOLLY GIRL DESIGN,4,"Excellent item, super fast delivery and true to size.",1,4,General
22662,LUNCH BAG DOLLY GIRL DESIGN,4,Love this product! The quality is fantastic and fits perfectly.,1,7,General
22662,LUNCH BAG DOLLY GIRL DESIGN,5,"Great purchase, looks amazing and very comfortable to wear.",1,3,General
22662,LUNCH BAG DOLLY GIRL DESIGN,5,"Excellent item, super fast delivery and true to size.",1,6,General
84880,WHITE WIRE EGG HOLDER,2,The fit is very awkward and much shorter than shown in photos.,0,7,General
84880,WHITE WIRE EGG HOLDER,1,Sizing is completely off. It fits loose around the waist but tight on shoulders.,0,0,General
84880,WHITE WIRE EGG HOLDER,1,The fit is very awkward and much shorter than shown in photos.,0,4,General
84880,WHITE WIRE EGG HOLDER,2,Runs very large and baggy. Had to return it for a smaller size.,0,5,General
84880,WHITE WIRE EGG HOLDER,2,Sizing is completely off. It fits loose around the waist but tight on shoulders.,0,2,General
85099B,JUMBO BAG RED RETROSPOT,1,"Quality is poor, threads coming loose everywhere.",0,6,General
85099B,JUMBO BAG RED RETROSPOT,1,Disappointed with the material. Fabric is paper thin and see-through.,0,1,General
85099B,JUMBO BAG RED RETROSPOT,2,"Quality is poor, threads coming loose everywhere.",0,9,General
85099B,JUMBO BAG RED RETROSPOT,3,Color faded immediately after washing. Very rough fabric.,0,6,General
85099B,JUMBO BAG RED RETROSPOT,3,"Quality is poor, threads coming loose everywhere.",0,4,General
85099B,JUMBO BAG RED RETROSPOT,3,Disappointed with the material. Fabric is paper thin and see-through.,0,0,General
85099B,JUMBO BAG RED RETROSPOT,1,"Quality is poor, threads coming loose everywhere.",0,3,General
85099B,JUMBO BAG RED RETROSPOT,2,Ripped along the seam after just one wash. Poor material quality.,0,4,General
85099B,JUMBO BAG RED RETROSPOT,1,Color faded immediately after washing. Very rough fabric.,0,8,General
79321,CHILLI LIGHTS,3,Not worth the money. Very expensive for such basic quality.,0,8,General
79321,CHILLI LIGHTS,2,Felt ripped off. Cost too much for something that looks cheap.,0,8,General
79321,CHILLI LIGHTS,2,Overpriced for what it is. The material feels cheap for this price point.,0,5,General
79321,CHILLI LIGHTS,2,Felt ripped off. Cost too much for something that looks cheap.,0,9,General
22780,LIGHT GARLAND BUTTERFILES PINK,5,"Great purchase, looks amazing and very comfortable to wear.",1,0,General
22780,LIGHT GARLAND BUTTERFILES PINK,4,Absolutely gorgeous item! Exceeded my expectations.,1,3,General
22780,LIGHT GARLAND BUTTERFILES PINK,4,"Great purchase, looks amazing and very comfortable to wear.",1,2,General
22780,LIGHT GARLAND BUTTERFILES PINK,5,"Great purchase, looks amazing and very comfortable to wear.",1,8,General
22780,LIGHT GARLAND BUTTERFILES PINK,4,Love this product! The quality is fantastic and fits perfectly.,1,2,General
22780,LIGHT GARLAND BUTTERFILES PINK,5,Love this product! The quality is fantastic and fits perfectly.,1,1,General
22780,LIGHT GARLAND BUTTERFILES PINK,4,"Great purchase, looks amazing and very comfortable to wear.",1,7,General
22780,LIGHT GARLAND BUTTERFILES PINK,4,"Excellent item, super fast delivery and true to size.",1,6,General
22780,LIGHT GARLAND BUTTERFILES PINK,5,Love this product! The quality is fantastic and fits perfectly.,1,0,General
22780,LIGHT GARLAND BUTTERFILES PINK,5,"High quality fabric, beautiful color, would definitely buy again!",1,9,General
22779,WOODEN OWLS LIGHT GARLAND ,4,Absolutely gorgeous item! Exceeded my expectations.,1,8,General
22779,WOODEN OWLS LIGHT GARLAND ,4,Absolutely gorgeous item! Exceeded my expectations.,1,3,General
22779,WOODEN OWLS LIGHT GARLAND ,5,"Excellent item, super fast delivery and true to size.",1,0,General
22779,WOODEN OWLS LIGHT GARLAND ,4,Love this product! The quality is fantastic and fits perfectly.,1,1,General
22779,WOODEN OWLS LIGHT GARLAND ,4,"High quality fabric, beautiful color, would definitely buy again!",1,5,General
22779,WOODEN OWLS LIGHT GARLAND ,4,"High quality fabric, beautiful color, would definitely buy again!",1,6,General
22779,WOODEN OWLS LIGHT GARLAND ,4,"High quality fabric, beautiful color, would definitely buy again!",1,1,General
22779,WOODEN OWLS LIGHT GARLAND ,4,"Excellent item, super fast delivery and true to size.",1,7,General
22466,FAIRY TALE COTTAGE NIGHTLIGHT,5,"High quality fabric, beautiful color, would definitely buy again!",1,0,General
22466,FAIRY TALE COTTAGE NIGHTLIGHT,5,Love this product! The quality is fantastic and fits perfectly.,1,7,General
22466,FAIRY TALE COTTAGE NIGHTLIGHT,5,"Great purchase, looks amazing and very comfortable to wear.",1,6,General
22466,FAIRY TALE COTTAGE NIGHTLIGHT,4,Love this product! The quality is fantastic and fits perfectly.,1,2,General
22466,FAIRY TALE COTTAGE NIGHTLIGHT,5,"High quality fabric, beautiful color, would definitely buy again!",1,2,General
21363,HOME SMALL WOOD LETTERS,3,Overpriced for what it is. The material feels cheap for this price point.,0,8,General
21363,HOME SMALL WOOD LETTERS,3,Felt ripped off. Cost too much for something that looks cheap.,0,8,General
21363,HOME SMALL WOOD LETTERS,3,Overpriced item. You can find better quality for half the price.,0,3,General
21363,HOME SMALL WOOD LETTERS,2,Not worth the money. Very expensive for such basic quality.,0,4,General
21363,HOME SMALL WOOD LETTERS,1,Overpriced for what it is. The material feels cheap for this price point.,0,8,General
21363,HOME SMALL WOOD LETTERS,1,Overpriced item. You can find better quality for half the price.,0,7,General
21411,GINGHAM HEART  DOORSTOP RED,4,"High quality fabric, beautiful color, would definitely buy again!",1,8,General
21411,GINGHAM HEART  DOORSTOP RED,4,"Excellent item, super fast delivery and true to size.",1,3,General
21411,GINGHAM HEART  DOORSTOP RED,5,"Excellent item, super fast delivery and true to size.",1,1,General
21411,GINGHAM HEART  DOORSTOP RED,4,Love this product! The quality is fantastic and fits perfectly.,1,5,General
21411,GINGHAM HEART  DOORSTOP RED,5,Love this product! The quality is fantastic and fits perfectly.,1,6,General
21411,GINGHAM HEART  DOORSTOP RED,5,Absolutely gorgeous item! Exceeded my expectations.,1,0,General
21411,GINGHAM HEART  DOORSTOP RED,4,"Excellent item, super fast delivery and true to size.",1,1,General
22318,FIVE HEART HANGING DECORATION,1,"Way too small! Order at least two sizes up, the sleeves are very tight.",0,2,General
22318,FIVE HEART HANGING DECORATION,1,Runs very large and baggy. Had to return it for a smaller size.,0,4,General
22318,FIVE HEART HANGING DECORATION,1,"Way too small! Order at least two sizes up, the sleeves are very tight.",0,8,General
22318,FIVE HEART HANGING DECORATION,3,Runs very large and baggy. Had to return it for a smaller size.,0,0,General
22318,FIVE HEART HANGING DECORATION,1,Sizing is completely off. It fits loose around the waist but tight on shoulders.,0,7,General
22318,FIVE HEART HANGING DECORATION,3,"Way too small! Order at least two sizes up, the sleeves are very tight.",0,7,General
22318,FIVE HEART HANGING DECORATION,2,Runs very large and baggy. Had to return it for a smaller size.,0,8,General
22915,ASSORTED BOTTLE TOP  MAGNETS ,5,Absolutely gorgeous item! Exceeded my expectations.,1,7,General
22915,ASSORTED BOTTLE TOP  MAGNETS ,4,Absolutely gorgeous item! Exceeded my expectations.,1,5,General
22915,ASSORTED BOTTLE TOP  MAGNETS ,4,"Excellent item, super fast delivery and true to size.",1,2,General
22915,ASSORTED BOTTLE TOP  MAGNETS ,4,"Excellent item, super fast delivery and true to size.",1,6,General
22915,ASSORTED BOTTLE TOP  MAGNETS ,5,"Excellent item, super fast delivery and true to size.",1,3,General
22915,ASSORTED BOTTLE TOP  MAGNETS ,4,"Excellent item, super fast delivery and true to size.",1,2,General
22922,FRIDGE MAGNETS US DINER ASSORTED,2,Runs very large and baggy. Had to return it for a smaller size.,0,6,General
22922,FRIDGE MAGNETS US DINER ASSORTED,1,"Way too small! Order at least two sizes up, the sleeves are very tight.",0,7,General
22922,FRIDGE MAGNETS US DINER ASSORTED,2,The fit is very awkward and much shorter than shown in photos.,0,5,General
22922,FRIDGE MAGNETS US DINER ASSORTED,1,Sizing is completely off. It fits loose around the waist but tight on shoulders.,0,1,General
22969,HOMEMADE JAM SCENTED CANDLES,4,"Great purchase, looks amazing and very comfortable to wear.",1,7,General
22969,HOMEMADE JAM SCENTED CANDLES,5,"High quality fabric, beautiful color, would definitely buy again!",1,9,General
22969,HOMEMADE JAM SCENTED CANDLES,4,Love this product! The quality is fantastic and fits perfectly.,1,0,General
22969,HOMEMADE JAM SCENTED CANDLES,5,"High quality fabric, beautiful color, would definitely buy again!",1,2,General
22969,HOMEMADE JAM SCENTED CANDLES,5,Absolutely gorgeous item! Exceeded my expectations.,1,7,General
22969,HOMEMADE JAM SCENTED CANDLES,4,Love this product! The quality is fantastic and fits perfectly.,1,5,General
22969,HOMEMADE JAM SCENTED CANDLES,5,Love this product! The quality is fantastic and fits perfectly.,1,0,General
22969,HOMEMADE JAM SCENTED CANDLES,5,"High quality fabric, beautiful color, would definitely buy again!",1,0,General
22923,FRIDGE MAGNETS LES ENFANTS ASSORTED,4,Absolutely gorgeous item! Exceeded my expectations.,1,9,General
22923,FRIDGE MAGNETS LES ENFANTS ASSORTED,5,"High quality fabric, beautiful color, would definitely buy again!",1,8,General
22923,FRIDGE MAGNETS LES ENFANTS ASSORTED,5,Love this product! The quality is fantastic and fits perfectly.,1,4,General
22923,FRIDGE MAGNETS LES ENFANTS ASSORTED,4,Love this product! The quality is fantastic and fits perfectly.,1,0,General
22923,FRIDGE MAGNETS LES ENFANTS ASSORTED,4,Absolutely gorgeous item! Exceeded my expectations.,1,6,General
22923,FRIDGE MAGNETS LES ENFANTS ASSORTED,4,Love this product! The quality is fantastic and fits perfectly.,1,2,General
22923,FRIDGE MAGNETS LES ENFANTS ASSORTED,4,"High quality fabric, beautiful color, would definitely buy again!",1,0,General
21115,ROSE CARAVAN DOORSTOP,5,"Excellent item, super fast delivery and true to size.",1,7,General
21115,ROSE CARAVAN DOORSTOP,4,Absolutely gorgeous item! Exceeded my expectations.,1,0,General
21115,ROSE CARAVAN DOORSTOP,5,Absolutely gorgeous item! Exceeded my expectations.,1,6,General
21115,ROSE CARAVAN DOORSTOP,5,"Excellent item, super fast delivery and true to size.",1,4,General
21115,ROSE CARAVAN DOORSTOP,4,Love this product! The quality is fantastic and fits perfectly.,1,6,General
22242,5 HOOK HANGER MAGIC TOADSTOOL,3,Overpriced for what it is. The material feels cheap for this price point.,0,3,General
22242,5 HOOK HANGER MAGIC TOADSTOOL,2,Not worth the money. Very expensive for such basic quality.,0,1,General
22242,5 HOOK HANGER MAGIC TOADSTOOL,2,Overpriced item. You can find better quality for half the price.,0,0,General
22242,5 HOOK HANGER MAGIC TOADSTOOL,2,Felt ripped off. Cost too much for something that looks cheap.,0,4,General
22242,5 HOOK HANGER MAGIC TOADSTOOL,3,Felt ripped off. Cost too much for something that looks cheap.,0,7,General
22242,5 HOOK HANGER MAGIC TOADSTOOL,1,Overpriced item. You can find better quality for half the price.,0,0,General
22242,5 HOOK HANGER MAGIC TOADSTOOL,2,Overpriced item. You can find better quality for half the price.,0,2,General
22242,5 HOOK HANGER MAGIC TOADSTOOL,1,Felt ripped off. Cost too much for something that looks cheap.,0,6,General
22242,5 HOOK HANGER MAGIC TOADSTOOL,3,Not worth the money. Very expensive for such basic quality.,0,8,General
22941,CHRISTMAS LIGHTS 10 REINDEER,1,The fit is very awkward and much shorter than shown in photos.,0,9,General
22941,CHRISTMAS LIGHTS 10 REINDEER,2,Sizing is completely off. It fits loose around the waist but tight on shoulders.,0,2,General
22941,CHRISTMAS LIGHTS 10 REINDEER,1,Sizing is completely off. It fits loose around the waist but tight on shoulders.,0,8,General
22941,CHRISTMAS LIGHTS 10 REINDEER,3,The fit is very awkward and much shorter than shown in photos.,0,3,General
22941,CHRISTMAS LIGHTS 10 REINDEER,3,Sizing is completely off. It fits loose around the waist but tight on shoulders.,0,4,General
21622,VINTAGE UNION JACK CUSHION COVER,2,Color faded immediately after washing. Very rough fabric.,0,7,General
21622,VINTAGE UNION JACK CUSHION COVER,1,Ripped along the seam after just one wash. Poor material quality.,0,8,General
21622,VINTAGE UNION JACK CUSHION COVER,3,Ripped along the seam after just one wash. Poor material quality.,0,0,General
21622,VINTAGE UNION JACK CUSHION COVER,1,Color faded immediately after washing. Very rough fabric.,0,9,General
21622,VINTAGE UNION JACK CUSHION COVER,1,Disappointed with the material. Fabric is paper thin and see-through.,0,0,General
21622,VINTAGE UNION JACK CUSHION COVER,3,Color faded immediately after washing. Very rough fabric.,0,8,General
21622,VINTAGE UNION JACK CUSHION COVER,1,Color faded immediately after washing. Very rough fabric.,0,5,General
21622,VINTAGE UNION JACK CUSHION COVER,1,"Quality is poor, threads coming loose everywhere.",0,5,General
35004G,SET OF 3 GOLD FLYING DUCKS,1,Color faded immediately after washing. Very rough fabric.,0,6,General
35004G,SET OF 3 GOLD FLYING DUCKS,1,Disappointed with the material. Fabric is paper thin and see-through.,0,5,General
35004G,SET OF 3 GOLD FLYING DUCKS,2,Ripped along the seam after just one wash. Poor material quality.,0,1,General
35004G,SET OF 3 GOLD FLYING DUCKS,3,"Quality is poor, threads coming loose everywhere.",0,2,General
35004G,SET OF 3 GOLD FLYING DUCKS,3,"Quality is poor, threads coming loose everywhere.",0,8,General
35004G,SET OF 3 GOLD FLYING DUCKS,3,Color faded immediately after washing. Very rough fabric.,0,7,General
85014B,RED RETROSPOT UMBRELLA,1,Ripped along the seam after just one wash. Poor material quality.,0,7,General
85014B,RED RETROSPOT UMBRELLA,2,Color faded immediately after washing. Very rough fabric.,0,7,General
85014B,RED RETROSPOT UMBRELLA,1,"Quality is poor, threads coming loose everywhere.",0,6,General
85014B,RED RETROSPOT UMBRELLA,1,"Quality is poor, threads coming loose everywhere.",0,7,General
85014B,RED RETROSPOT UMBRELLA,1,Disappointed with the material. Fabric is paper thin and see-through.,0,3,General
85014B,RED RETROSPOT UMBRELLA,1,Color faded immediately after washing. Very rough fabric.,0,9,General
85014B,RED RETROSPOT UMBRELLA,2,"Quality is poor, threads coming loose everywhere.",0,2,General
85014B,RED RETROSPOT UMBRELLA,3,Color faded immediately after washing. Very rough fabric.,0,0,General
85014B,RED RETROSPOT UMBRELLA,2,Disappointed with the material. Fabric is paper thin and see-through.,0,4,General
85014B,RED RETROSPOT UMBRELLA,2,"Quality is poor, threads coming loose everywhere.",0,3,General
85014B,RED RETROSPOT UMBRELLA,2,"Quality is poor, threads coming loose everywhere.",0,0,General
85014A,BLACK/BLUE POLKADOT UMBRELLA,5,Absolutely gorgeous item! Exceeded my expectations.,1,4,General
85014A,BLACK/BLUE POLKADOT UMBRELLA,4,"High quality fabric, beautiful color, would definitely buy again!",1,3,General
85014A,BLACK/BLUE POLKADOT UMBRELLA,4,"Great purchase, looks amazing and very comfortable to wear.",1,5,General
22193,RED DINER WALL CLOCK,2,Ripped along the seam after just one wash. Poor material quality.,0,4,General
22193,RED DINER WALL CLOCK,2,Ripped along the seam after just one wash. Poor material quality.,0,4,General
22193,RED DINER WALL CLOCK,1,Ripped along the seam after just one wash. Poor material quality.,0,4,General
22193,RED DINER WALL CLOCK,1,Ripped along the seam after just one wash. Poor material quality.,0,2,General
22193,RED DINER WALL CLOCK,2,Color faded immediately after washing. Very rough fabric.,0,3,General
22192,BLUE DINER WALL CLOCK,1,Disappointed with the material. Fabric is paper thin and see-through.,0,3,General
22192,BLUE DINER WALL CLOCK,1,Disappointed with the material. Fabric is paper thin and see-through.,0,5,General
22192,BLUE DINER WALL CLOCK,1,"Quality is poor, threads coming loose everywhere.",0,4,General
22192,BLUE DINER WALL CLOCK,1,Disappointed with the material. Fabric is paper thin and see-through.,0,1,General
22192,BLUE DINER WALL CLOCK,2,Disappointed with the material. Fabric is paper thin and see-through.,0,4,General
22192,BLUE DINER WALL CLOCK,3,Color faded immediately after washing. Very rough fabric.,0,2,General
22192,BLUE DINER WALL CLOCK,2,Color faded immediately after washing. Very rough fabric.,0,1,General
22192,BLUE DINER WALL CLOCK,1,"Quality is poor, threads coming loose everywhere.",0,2,General
22192,BLUE DINER WALL CLOCK,1,Ripped along the seam after just one wash. Poor material quality.,0,4,General
22192,BLUE DINER WALL CLOCK,3,Ripped along the seam after just one wash. Poor material quality.,0,4,General
22192,BLUE DINER WALL CLOCK,3,"Quality is poor, threads coming loose everywhere.",0,6,General
22191,IVORY DINER WALL CLOCK,4,"Excellent item, super fast delivery and true to size.",1,7,General
22191,IVORY DINER WALL CLOCK,4,Absolutely gorgeous item! Exceeded my expectations.,1,1,General
22191,IVORY DINER WALL CLOCK,5,"High quality fabric, beautiful color, would definitely buy again!",1,2,General
22195,LARGE HEART MEASURING SPOONS,2,Overpriced item. You can find better quality for half the price.,0,7,General
22195,LARGE HEART MEASURING SPOONS,1,Not worth the money. Very expensive for such basic quality.,0,7,General
22195,LARGE HEART MEASURING SPOONS,3,Not worth the money. Very expensive for such basic quality.,0,4,General
22195,LARGE HEART MEASURING SPOONS,1,Felt ripped off. Cost too much for something that looks cheap.,0,7,General
22195,LARGE HEART MEASURING SPOONS,1,Overpriced item. You can find better quality for half the price.,0,0,General
22196,SMALL HEART MEASURING SPOONS,3,Felt ripped off. Cost too much for something that looks cheap.,0,4,General
22196,SMALL HEART MEASURING SPOONS,3,Not worth the money. Very expensive for such basic quality.,0,5,General
22196,SMALL HEART MEASURING SPOONS,3,Overpriced for what it is. The material feels cheap for this price point.,0,5,General
22196,SMALL HEART MEASURING SPOONS,2,Overpriced for what it is. The material feels cheap for this price point.,0,6,General
22196,SMALL HEART MEASURING SPOONS,1,Overpriced item. You can find better quality for half the price.,0,0,General
22196,SMALL HEART MEASURING SPOONS,1,Overpriced item. You can find better quality for half the price.,0,9,General
22196,SMALL HEART MEASURING SPOONS,2,Overpriced item. You can find better quality for half the price.,0,0,General
22196,SMALL HEART MEASURING SPOONS,3,Felt ripped off. Cost too much for something that looks cheap.,0,9,General
22962,JAM JAR WITH PINK LID,2,"Quality is poor, threads coming loose everywhere.",0,6,General
22962,JAM JAR WITH PINK LID,2,Ripped along the seam after just one wash. Poor material quality.,0,0,General
22962,JAM JAR WITH PINK LID,3,Ripped along the seam after just one wash. Poor material quality.,0,8,General
22962,JAM JAR WITH PINK LID,2,Color faded immediately after washing. Very rough fabric.,0,0,General
22962,JAM JAR WITH PINK LID,1,Color faded immediately after washing. Very rough fabric.,0,1,General
22962,JAM JAR WITH PINK LID,3,"Quality is poor, threads coming loose everywhere.",0,3,General
22963,JAM JAR WITH GREEN LID,3,Overpriced item. You can find better quality for half the price.,0,8,General
22963,JAM JAR WITH GREEN LID,1,Overpriced item. You can find better quality for half the price.,0,0,General
22963,JAM JAR WITH GREEN LID,1,Overpriced for what it is. The material feels cheap for this price point.,0,0,General
22963,JAM JAR WITH GREEN LID,3,Overpriced item. You can find better quality for half the price.,0,5,General
22963,JAM JAR WITH GREEN LID,3,Felt ripped off. Cost too much for something that looks cheap.,0,4,General
22968,ROSE COTTAGE KEEPSAKE BOX ,5,"Great purchase, looks amazing and very comfortable to wear.",1,5,General
22968,ROSE COTTAGE KEEPSAKE BOX ,5,Absolutely gorgeous item! Exceeded my expectations.,1,2,General
22968,ROSE COTTAGE KEEPSAKE BOX ,5,"Great purchase, looks amazing and very comfortable to wear.",1,4,General
22968,ROSE COTTAGE KEEPSAKE BOX ,5,"Excellent item, super fast delivery and true to size.",1,8,General
22968,ROSE COTTAGE KEEPSAKE BOX ,5,"High quality fabric, beautiful color, would definitely buy again!",1,8,General
22968,ROSE COTTAGE KEEPSAKE BOX ,4,"High quality fabric, beautiful color, would definitely buy again!",1,1,General
22968,ROSE COTTAGE KEEPSAKE BOX ,4,"Great purchase, looks amazing and very comfortable to wear.",1,7,General
22968,ROSE COTTAGE KEEPSAKE BOX ,4,"High quality fabric, beautiful color, would definitely buy again!",1,3,General
22968,ROSE COTTAGE KEEPSAKE BOX ,4,Love this product! The quality is fantastic and fits perfectly.,1,0,General
84970S,HANGING HEART ZINC T-LIGHT HOLDER,5,Absolutely gorgeous item! Exceeded my expectations.,1,8,General
84970S,HANGING HEART ZINC T-LIGHT HOLDER,5,Love this product! The quality is fantastic and fits perfectly.,1,2,General
84970S,HANGING HEART ZINC T-LIGHT HOLDER,4,"Great purchase, looks amazing and very comfortable to wear.",1,7,General
84970S,HANGING HEART ZINC T-LIGHT HOLDER,5,Love this product! The quality is fantastic and fits perfectly.,1,3,General
84970S,HANGING HEART ZINC T-LIGHT HOLDER,4,"High quality fabric, beautiful color, would definitely buy again!",1,7,General
84970S,HANGING HEART ZINC T-LIGHT HOLDER,5,"High quality fabric, beautiful color, would definitely buy again!",1,1,General
84970S,HANGING HEART ZINC T-LIGHT HOLDER,4,Absolutely gorgeous item! Exceeded my expectations.,1,2,General
84970S,HANGING HEART ZINC T-LIGHT HOLDER,5,"High quality fabric, beautiful color, would definitely buy again!",1,1,General
84970S,HANGING HEART ZINC T-LIGHT HOLDER,4,Love this product! The quality is fantastic and fits perfectly.,1,1,General
84970S,HANGING HEART ZINC T-LIGHT HOLDER,5,"Great purchase, looks amazing and very comfortable to wear.",1,5,General
22910,PAPER CHAIN KIT VINTAGE CHRISTMAS,4,"Great purchase, looks amazing and very comfortable to wear.",1,7,General
22910,PAPER CHAIN KIT VINTAGE CHRISTMAS,5,"Excellent item, super fast delivery and true to size.",1,6,General
22910,PAPER CHAIN KIT VINTAGE CHRISTMAS,5,"High quality fabric, beautiful color, would definitely buy again!",1,6,General
22910,PAPER CHAIN KIT VINTAGE CHRISTMAS,5,"High quality fabric, beautiful color, would definitely buy again!",1,6,General
20668,DISCO BALL CHRISTMAS DECORATION,4,Love this product! The quality is fantastic and fits perfectly.,1,4,General
20668,DISCO BALL CHRISTMAS DECORATION,4,Absolutely gorgeous item! Exceeded my expectations.,1,2,General
20668,DISCO BALL CHRISTMAS DECORATION,4,Absolutely gorgeous item! Exceeded my expectations.,1,8,General
22197,SMALL POPCORN HOLDER,3,Felt ripped off. Cost too much for something that looks cheap.,0,9,General
22197,SMALL POPCORN HOLDER,2,Not worth the money. Very expensive for such basic quality.,0,3,General
22197,SMALL POPCORN HOLDER,2,Overpriced item. You can find better quality for half the price.,0,1,General
22198,LARGE POPCORN HOLDER ,3,Overpriced for what it is. The material feels cheap for this price point.,0,5,General
22198,LARGE POPCORN HOLDER ,3,Not worth the money. Very expensive for such basic quality.,0,3,General
22198,LARGE POPCORN HOLDER ,3,Overpriced for what it is. The material feels cheap for this price point.,0,6,General
22198,LARGE POPCORN HOLDER ,2,Overpriced item. You can find better quality for half the price.,0,6,General
22198,LARGE POPCORN HOLDER ,2,Felt ripped off. Cost too much for something that looks cheap.,0,1,General
22198,LARGE POPCORN HOLDER ,2,Not worth the money. Very expensive for such basic quality.,0,8,General
21080,SET/20 RED RETROSPOT PAPER NAPKINS ,1,Felt ripped off. Cost too much for something that looks cheap.,0,9,General
21080,SET/20 RED RETROSPOT PAPER NAPKINS ,2,Overpriced for what it is. The material feels cheap for this price point.,0,1,General
21080,SET/20 RED RETROSPOT PAPER NAPKINS ,2,Overpriced item. You can find better quality for half the price.,0,5,General
21080,SET/20 RED RETROSPOT PAPER NAPKINS ,3,Overpriced for what it is. The material feels cheap for this price point.,0,7,General
21080,SET/20 RED RETROSPOT PAPER NAPKINS ,1,Not worth the money. Very expensive for such basic quality.,0,5,General
21080,SET/20 RED RETROSPOT PAPER NAPKINS ,1,Overpriced for what it is. The material feels cheap for this price point.,0,8,General
21080,SET/20 RED RETROSPOT PAPER NAPKINS ,3,Overpriced for what it is. The material feels cheap for this price point.,0,2,General
21080,SET/20 RED RETROSPOT PAPER NAPKINS ,3,Overpriced for what it is. The material feels cheap for this price point.,0,1,General
21080,SET/20 RED RETROSPOT PAPER NAPKINS ,2,Overpriced item. You can find better quality for half the price.,0,2,General
21080,SET/20 RED RETROSPOT PAPER NAPKINS ,3,Overpriced for what it is. The material feels cheap for this price point.,0,0,General
21080,SET/20 RED RETROSPOT PAPER NAPKINS ,3,Not worth the money. Very expensive for such basic quality.,0,4,General
21086,SET/6 RED SPOTTY PAPER CUPS,4,"Great purchase, looks amazing and very comfortable to wear.",1,0,General
21086,SET/6 RED SPOTTY PAPER CUPS,4,"Excellent item, super fast delivery and true to size.",1,8,General
21086,SET/6 RED SPOTTY PAPER CUPS,4,"Great purchase, looks amazing and very comfortable to wear.",1,6,General
21086,SET/6 RED SPOTTY PAPER CUPS,4,Absolutely gorgeous item! Exceeded my expectations.,1,4,General
21086,SET/6 RED SPOTTY PAPER CUPS,5,Love this product! The quality is fantastic and fits perfectly.,1,0,General
21086,SET/6 RED SPOTTY PAPER CUPS,4,"Excellent item, super fast delivery and true to size.",1,8,General
21086,SET/6 RED SPOTTY PAPER CUPS,4,Love this product! The quality is fantastic and fits perfectly.,1,3,General
21086,SET/6 RED SPOTTY PAPER CUPS,4,"High quality fabric, beautiful color, would definitely buy again!",1,4,General
21086,SET/6 RED SPOTTY PAPER CUPS,4,"Great purchase, looks amazing and very comfortable to wear.",1,4,General
21786,POLKADOT RAIN HAT ,5,"Excellent item, super fast delivery and true to size.",1,8,General
21786,POLKADOT RAIN HAT ,4,"High quality fabric, beautiful color, would definitely buy again!",1,1,General
21786,POLKADOT RAIN HAT ,5,"High quality fabric, beautiful color, would definitely buy again!",1,8,General
21786,POLKADOT RAIN HAT ,4,"Excellent item, super fast delivery and true to size.",1,8,General
21786,POLKADOT RAIN HAT ,5,Absolutely gorgeous item! Exceeded my expectations.,1,4,General
21786,POLKADOT RAIN HAT ,5,Absolutely gorgeous item! Exceeded my expectations.,1,1,General
21786,POLKADOT RAIN HAT ,4,Love this product! The quality is fantastic and fits perfectly.,1,5,General
21786,POLKADOT RAIN HAT ,5,"High quality fabric, beautiful color, would definitely buy again!",1,7,General
21786,POLKADOT RAIN HAT ,5,Love this product! The quality is fantastic and fits perfectly.,1,6,General
22654,DELUXE SEWING KIT ,3,"Way too small! Order at least two sizes up, the sleeves are very tight.",0,3,General
22654,DELUXE SEWING KIT ,3,Sizing is completely off. It fits loose around the waist but tight on shoulders.,0,5,General
22654,DELUXE SEWING KIT ,1,Runs very large and baggy. Had to return it for a smaller size.,0,7,General
22654,DELUXE SEWING KIT ,2,Sizing is completely off. It fits loose around the waist but tight on shoulders.,0,0,General
21485,RETROSPOT HEART HOT WATER BOTTLE,1,Disappointed with the material. Fabric is paper thin and see-through.,0,0,General
21485,RETROSPOT HEART HOT WATER BOTTLE,2,Ripped along the seam after just one wash. Poor material quality.,0,9,General
21485,RETROSPOT HEART HOT WATER BOTTLE,3,Disappointed with the material. Fabric is paper thin and see-through.,0,4,General
21485,RETROSPOT HEART HOT WATER BOTTLE,2,Ripped along the seam after just one wash. Poor material quality.,0,4,General
21485,RETROSPOT HEART HOT WATER BOTTLE,2,Ripped along the seam after just one wash. Poor material quality.,0,5,General
84030E,ENGLISH ROSE HOT WATER BOTTLE,3,Overpriced for what it is. The material feels cheap for this price point.,0,5,General
84030E,ENGLISH ROSE HOT WATER BOTTLE,2,Overpriced for what it is. The material feels cheap for this price point.,0,3,General
84030E,ENGLISH ROSE HOT WATER BOTTLE,1,Overpriced item. You can find better quality for half the price.,0,8,General
84030E,ENGLISH ROSE HOT WATER BOTTLE,2,Overpriced item. You can find better quality for half the price.,0,9,General
84030E,ENGLISH ROSE HOT WATER BOTTLE,1,Not worth the money. Very expensive for such basic quality.,0,3,General
22174,PHOTO CUBE,5,"Excellent item, super fast delivery and true to size.",1,5,General
22174,PHOTO CUBE,5,Absolutely gorgeous item! Exceeded my expectations.,1,8,General
22174,PHOTO CUBE,4,"Great purchase, looks amazing and very comfortable to wear.",1,5,General
22556,PLASTERS IN TIN CIRCUS PARADE ,4,Love this product! The quality is fantastic and fits perfectly.,1,6,General
22556,PLASTERS IN TIN CIRCUS PARADE ,4,"Great purchase, looks amazing and very comfortable to wear.",1,3,General
22556,PLASTERS IN TIN CIRCUS PARADE ,5,Love this product! The quality is fantastic and fits perfectly.,1,4,General
22556,PLASTERS IN TIN CIRCUS PARADE ,4,"Excellent item, super fast delivery and true to size.",1,6,General
22556,PLASTERS IN TIN CIRCUS PARADE ,4,"Excellent item, super fast delivery and true to size.",1,2,General
22556,PLASTERS IN TIN CIRCUS PARADE ,5,Love this product! The quality is fantastic and fits perfectly.,1,7,General
22556,PLASTERS IN TIN CIRCUS PARADE ,4,Love this product! The quality is fantastic and fits perfectly.,1,8,General
21984,PACK OF 12 PINK PAISLEY TISSUES ,5,"High quality fabric, beautiful color, would definitely buy again!",1,7,General
21984,PACK OF 12 PINK PAISLEY TISSUES ,4,"High quality fabric, beautiful color, would definitely buy again!",1,8,General
21984,PACK OF 12 PINK PAISLEY TISSUES ,5,Absolutely gorgeous item! Exceeded my expectations.,1,1,General
21984,PACK OF 12 PINK PAISLEY TISSUES ,4,"Excellent item, super fast delivery and true to size.",1,6,General
21984,PACK OF 12 PINK PAISLEY TISSUES ,5,"Excellent item, super fast delivery and true to size.",1,3,General
21984,PACK OF 12 PINK PAISLEY TISSUES ,5,"Great purchase, looks amazing and very comfortable to wear.",1,8,General
21984,PACK OF 12 PINK PAISLEY TISSUES ,5,Absolutely gorgeous item! Exceeded my expectations.,1,3,General
21984,PACK OF 12 PINK PAISLEY TISSUES ,4,"Great purchase, looks amazing and very comfortable to wear.",1,5,General
21983,PACK OF 12 BLUE PAISLEY TISSUES ,4,"Great purchase, looks amazing and very comfortable to wear.",1,9,General
21983,PACK OF 12 BLUE PAISLEY TISSUES ,5,Love this product! The quality is fantastic and fits perfectly.,1,2,General
21983,PACK OF 12 BLUE PAISLEY TISSUES ,4,"High quality fabric, beautiful color, would definitely buy again!",1,4,General
21983,PACK OF 12 BLUE PAISLEY TISSUES ,4,"Excellent item, super fast delivery and true to size.",1,0,General
21983,PACK OF 12 BLUE PAISLEY TISSUES ,4,Love this product! The quality is fantastic and fits perfectly.,1,3,General
21983,PACK OF 12 BLUE PAISLEY TISSUES ,4,"Excellent item, super fast delivery and true to size.",1,8,General
21983,PACK OF 12 BLUE PAISLEY TISSUES ,5,"Great purchase, looks amazing and very comfortable to wear.",1,0,General
21983,PACK OF 12 BLUE PAISLEY TISSUES ,4,"Great purchase, looks amazing and very comfortable to wear.",1,3,General
21983,PACK OF 12 BLUE PAISLEY TISSUES ,4,"Excellent item, super fast delivery and true to size.",1,7,General
21980,PACK OF 12 RED RETROSPOT TISSUES ,5,"High quality fabric, beautiful color, would definitely buy again!",1,9,General
21980,PACK OF 12 RED RETROSPOT TISSUES ,5,Absolutely gorgeous item! Exceeded my expectations.,1,4,General
21980,PACK OF 12 RED RETROSPOT TISSUES ,5,"Great purchase, looks amazing and very comfortable to wear.",1,9,General
21980,PACK OF 12 RED RETROSPOT TISSUES ,4,Absolutely gorgeous item! Exceeded my expectations.,1,2,General
21484,CHICK GREY HOT WATER BOTTLE,4,"Excellent item, super fast delivery and true to size.",1,0,General
21484,CHICK GREY HOT WATER BOTTLE,5,Love this product! The quality is fantastic and fits perfectly.,1,1,General
21484,CHICK GREY HOT WATER BOTTLE,4,"High quality fabric, beautiful color, would definitely buy again!",1,5,General
21484,CHICK GREY HOT WATER BOTTLE,5,Love this product! The quality is fantastic and fits perfectly.,1,3,General
21484,CHICK GREY HOT WATER BOTTLE,5,"High quality fabric, beautiful color, would definitely buy again!",1,7,General
21484,CHICK GREY HOT WATER BOTTLE,5,"High quality fabric, beautiful color, would definitely buy again!",1,8,General
21484,CHICK GREY HOT WATER BOTTLE,4,"Excellent item, super fast delivery and true to size.",1,4,General
21484,CHICK GREY HOT WATER BOTTLE,5,Love this product! The quality is fantastic and fits perfectly.,1,2,General
21484,CHICK GREY HOT WATER BOTTLE,5,"Great purchase, looks amazing and very comfortable to wear.",1,5,General
21484,CHICK GREY HOT WATER BOTTLE,5,"Excellent item, super fast delivery and true to size.",1,2,General
22557,PLASTERS IN TIN VINTAGE PAISLEY ,3,Overpriced for what it is. The material feels cheap for this price point.,0,4,General
22557,PLASTERS IN TIN VINTAGE PAISLEY ,2,Overpriced item. You can find better quality for half the price.,0,1,General
22557,PLASTERS IN TIN VINTAGE PAISLEY ,1,Felt ripped off. Cost too much for something that looks cheap.,0,9,General
22557,PLASTERS IN TIN VINTAGE PAISLEY ,2,Overpriced item. You can find better quality for half the price.,0,3,General
22553,PLASTERS IN TIN SKULLS,4,"High quality fabric, beautiful color, would definitely buy again!",1,0,General
22553,PLASTERS IN TIN SKULLS,5,"High quality fabric, beautiful color, would definitely buy again!",1,7,General
22553,PLASTERS IN TIN SKULLS,5,"Great purchase, looks amazing and very comfortable to wear.",1,5,General
22150,3 STRIPEY MICE FELTCRAFT,1,Sizing is completely off. It fits loose around the waist but tight on shoulders.,0,9,General
22150,3 STRIPEY MICE FELTCRAFT,3,The fit is very awkward and much shorter than shown in photos.,0,4,General
22150,3 STRIPEY MICE FELTCRAFT,2,Runs very large and baggy. Had to return it for a smaller size.,0,7,General
22150,3 STRIPEY MICE FELTCRAFT,3,Sizing is completely off. It fits loose around the waist but tight on shoulders.,0,7,General
22150,3 STRIPEY MICE FELTCRAFT,3,Runs very large and baggy. Had to return it for a smaller size.,0,5,General
22150,3 STRIPEY MICE FELTCRAFT,3,"Way too small! Order at least two sizes up, the sleeves are very tight.",0,8,General
22150,3 STRIPEY MICE FELTCRAFT,3,"Way too small! Order at least two sizes up, the sleeves are very tight.",0,9,General
22619,SET OF 6 SOLDIER SKITTLES,3,"Quality is poor, threads coming loose everywhere.",0,1,General
22619,SET OF 6 SOLDIER SKITTLES,1,Color faded immediately after washing. Very rough fabric.,0,8,General
22619,SET OF 6 SOLDIER SKITTLES,3,Disappointed with the material. Fabric is paper thin and see-through.,0,0,General
22619,SET OF 6 SOLDIER SKITTLES,1,Color faded immediately after washing. Very rough fabric.,0,2,General
22619,SET OF 6 SOLDIER SKITTLES,1,Color faded immediately after washing. Very rough fabric.,0,6,General
22619,SET OF 6 SOLDIER SKITTLES,2,Color faded immediately after washing. Very rough fabric.,0,0,General
22619,SET OF 6 SOLDIER SKITTLES,1,Ripped along the seam after just one wash. Poor material quality.,0,3,General
22619,SET OF 6 SOLDIER SKITTLES,1,Disappointed with the material. Fabric is paper thin and see-through.,0,1,General
21891,TRADITIONAL WOODEN SKIPPING ROPE,2,"Way too small! Order at least two sizes up, the sleeves are very tight.",0,9,General
21891,TRADITIONAL WOODEN SKIPPING ROPE,3,"Way too small! Order at least two sizes up, the sleeves are very tight.",0,9,General
21891,TRADITIONAL WOODEN SKIPPING ROPE,3,The fit is very awkward and much shorter than shown in photos.,0,8,General
21891,TRADITIONAL WOODEN SKIPPING ROPE,1,"Way too small! Order at least two sizes up, the sleeves are very tight.",0,9,General
21889,WOODEN BOX OF DOMINOES,1,Ripped along the seam after just one wash. Poor material quality.,0,8,General
21889,WOODEN BOX OF DOMINOES,1,Disappointed with the material. Fabric is paper thin and see-through.,0,7,General
21889,WOODEN BOX OF DOMINOES,1,Color faded immediately after washing. Very rough fabric.,0,2,General
21889,WOODEN BOX OF DOMINOES,2,"Quality is poor, threads coming loose everywhere.",0,2,General
21889,WOODEN BOX OF DOMINOES,1,Color faded immediately after washing. Very rough fabric.,0,6,General
21889,WOODEN BOX OF DOMINOES,3,Color faded immediately after washing. Very rough fabric.,0,6,General
21889,WOODEN BOX OF DOMINOES,1,Ripped along the seam after just one wash. Poor material quality.,0,4,General
21889,WOODEN BOX OF DOMINOES,3,Ripped along the seam after just one wash. Poor material quality.,0,9,General
22827,RUSTIC  SEVENTEEN DRAWER SIDEBOARD,1,"Quality is poor, threads coming loose everywhere.",0,7,General
22827,RUSTIC  SEVENTEEN DRAWER SIDEBOARD,3,Disappointed with the material. Fabric is paper thin and see-through.,0,6,General
22827,RUSTIC  SEVENTEEN DRAWER SIDEBOARD,2,Ripped along the seam after just one wash. Poor material quality.,0,8,General
22827,RUSTIC  SEVENTEEN DRAWER SIDEBOARD,2,Color faded immediately after washing. Very rough fabric.,0,2,General
22127,PARTY CONES CARNIVAL ASSORTED,5,"High quality fabric, beautiful color, would definitely buy again!",1,3,General
22127,PARTY CONES CARNIVAL ASSORTED,4,"Great purchase, looks amazing and very comfortable to wear.",1,7,General
22127,PARTY CONES CARNIVAL ASSORTED,5,"Great purchase, looks amazing and very comfortable to wear.",1,2,General
22127,PARTY CONES CARNIVAL ASSORTED,4,"Great purchase, looks amazing and very comfortable to wear.",1,0,General
22127,PARTY CONES CARNIVAL ASSORTED,5,Absolutely gorgeous item! Exceeded my expectations.,1,3,General
22128,PARTY CONES CANDY ASSORTED,5,Absolutely gorgeous item! Exceeded my expectations.,1,8,General
22128,PARTY CONES CANDY ASSORTED,4,Love this product! The quality is fantastic and fits perfectly.,1,8,General
22128,PARTY CONES CANDY ASSORTED,5,"Excellent item, super fast delivery and true to size.",1,5,General
22128,PARTY CONES CANDY ASSORTED,4,Absolutely gorgeous item! Exceeded my expectations.,1,9,General
22128,PARTY CONES CANDY ASSORTED,4,Absolutely gorgeous item! Exceeded my expectations.,1,3,General
22128,PARTY CONES CANDY ASSORTED,5,"High quality fabric, beautiful color, would definitely buy again!",1,2,General
22128,PARTY CONES CANDY ASSORTED,5,"Excellent item, super fast delivery and true to size.",1,5,General
22502,PICNIC BASKET WICKER SMALL,1,Felt ripped off. Cost too much for something that looks cheap.,0,4,General
22502,PICNIC BASKET WICKER SMALL,3,Overpriced for what it is. The material feels cheap for this price point.,0,9,General
22502,PICNIC BASKET WICKER SMALL,2,Not worth the money. Very expensive for such basic quality.,0,4,General
22502,PICNIC BASKET WICKER SMALL,3,Overpriced for what it is. The material feels cheap for this price point.,0,2,General
22502,PICNIC BASKET WICKER SMALL,1,Not worth the money. Very expensive for such basic quality.,0,5,General
22502,PICNIC BASKET WICKER SMALL,3,Overpriced item. You can find better quality for half the price.,0,7,General
22338,STAR DECORATION PAINTED ZINC ,1,Overpriced for what it is. The material feels cheap for this price point.,0,6,General
22338,STAR DECORATION PAINTED ZINC ,2,Felt ripped off. Cost too much for something that looks cheap.,0,9,General
22338,STAR DECORATION PAINTED ZINC ,3,Overpriced item. You can find better quality for half the price.,0,1,General
22338,STAR DECORATION PAINTED ZINC ,2,Felt ripped off. Cost too much for something that looks cheap.,0,8,General
22338,STAR DECORATION PAINTED ZINC ,3,Overpriced for what it is. The material feels cheap for this price point.,0,9,General
22338,STAR DECORATION PAINTED ZINC ,1,Not worth the money. Very expensive for such basic quality.,0,0,General
22338,STAR DECORATION PAINTED ZINC ,3,Overpriced item. You can find better quality for half the price.,0,8,General
22338,STAR DECORATION PAINTED ZINC ,1,Felt ripped off. Cost too much for something that looks cheap.,0,4,General
22180,RETROSPOT LAMP,4,Love this product! The quality is fantastic and fits perfectly.,1,3,General
22180,RETROSPOT LAMP,4,Love this product! The quality is fantastic and fits perfectly.,1,7,General
22180,RETROSPOT LAMP,5,"Great purchase, looks amazing and very comfortable to wear.",1,6,General
21506,"FANCY FONT BIRTHDAY CARD, ",4,"Great purchase, looks amazing and very comfortable to wear.",1,8,General
21506,"FANCY FONT BIRTHDAY CARD, ",5,Love this product! The quality is fantastic and fits perfectly.,1,8,General
21506,"FANCY FONT BIRTHDAY CARD, ",4,Absolutely gorgeous item! Exceeded my expectations.,1,5,General
22866,HAND WARMER SCOTTY DOG DESIGN,4,Absolutely gorgeous item! Exceeded my expectations.,1,0,General
22866,HAND WARMER SCOTTY DOG DESIGN,5,Love this product! The quality is fantastic and fits perfectly.,1,6,General
22866,HAND WARMER SCOTTY DOG DESIGN,4,Love this product! The quality is fantastic and fits perfectly.,1,2,General
22866,HAND WARMER SCOTTY DOG DESIGN,4,"Great purchase, looks amazing and very comfortable to wear.",1,3,General
22866,HAND WARMER SCOTTY DOG DESIGN,5,"Excellent item, super fast delivery and true to size.",1,0,General
22866,HAND WARMER SCOTTY DOG DESIGN,4,"High quality fabric, beautiful color, would definitely buy again!",1,3,General
22865,HAND WARMER OWL DESIGN,4,"Great purchase, looks amazing and very comfortable to wear.",1,6,General
22865,HAND WARMER OWL DESIGN,5,"Excellent item, super fast delivery and true to size.",1,2,General
22865,HAND WARMER OWL DESIGN,4,Love this product! The quality is fantastic and fits perfectly.,1,0,General
22632,HAND WARMER RED RETROSPOT,4,Love this product! The quality is fantastic and fits perfectly.,1,5,General
22632,HAND WARMER RED RETROSPOT,5,Absolutely gorgeous item! Exceeded my expectations.,1,2,General
22632,HAND WARMER RED RETROSPOT,5,"High quality fabric, beautiful color, would definitely buy again!",1,9,General
22632,HAND WARMER RED RETROSPOT,5,Love this product! The quality is fantastic and fits perfectly.,1,3,General
22632,HAND WARMER RED RETROSPOT,4,"Excellent item, super fast delivery and true to size.",1,1,General
22632,HAND WARMER RED RETROSPOT,4,"High quality fabric, beautiful color, would definitely buy again!",1,4,General
22632,HAND WARMER RED RETROSPOT,5,"High quality fabric, beautiful color, would definitely buy again!",1,6,General
22349,DOG BOWL CHASING BALL DESIGN,1,"Quality is poor, threads coming loose everywhere.",0,0,General
22349,DOG BOWL CHASING BALL DESIGN,2,"Quality is poor, threads coming loose everywhere.",0,4,General
22349,DOG BOWL CHASING BALL DESIGN,1,Color faded immediately after washing. Very rough fabric.,0,0,General
22349,DOG BOWL CHASING BALL DESIGN,1,Ripped along the seam after just one wash. Poor material quality.,0,4,General
22558,CLOTHES PEGS RETROSPOT PACK 24 ,3,Not worth the money. Very expensive for such basic quality.,0,0,General
22558,CLOTHES PEGS RETROSPOT PACK 24 ,2,Not worth the money. Very expensive for such basic quality.,0,8,General
22558,CLOTHES PEGS RETROSPOT PACK 24 ,2,Felt ripped off. Cost too much for something that looks cheap.,0,4,General
22558,CLOTHES PEGS RETROSPOT PACK 24 ,2,Felt ripped off. Cost too much for something that looks cheap.,0,6,General
22558,CLOTHES PEGS RETROSPOT PACK 24 ,1,Overpriced item. You can find better quality for half the price.,0,3,General
22558,CLOTHES PEGS RETROSPOT PACK 24 ,3,Not worth the money. Very expensive for such basic quality.,0,6,General
22558,CLOTHES PEGS RETROSPOT PACK 24 ,3,Not worth the money. Very expensive for such basic quality.,0,2,General
85152,HAND OVER THE CHOCOLATE   SIGN ,1,Overpriced item. You can find better quality for half the price.,0,7,General
85152,HAND OVER THE CHOCOLATE   SIGN ,3,Not worth the money. Very expensive for such basic quality.,0,9,General
85152,HAND OVER THE CHOCOLATE   SIGN ,1,Overpriced for what it is. The material feels cheap for this price point.,0,7,General
85152,HAND OVER THE CHOCOLATE   SIGN ,2,Not worth the money. Very expensive for such basic quality.,0,9,General
85152,HAND OVER THE CHOCOLATE   SIGN ,2,Overpriced for what it is. The material feels cheap for this price point.,0,5,General
85152,HAND OVER THE CHOCOLATE   SIGN ,1,Not worth the money. Very expensive for such basic quality.,0,8,General
85152,HAND OVER THE CHOCOLATE   SIGN ,2,Overpriced for what it is. The material feels cheap for this price point.,0,9,General
85152,HAND OVER THE CHOCOLATE   SIGN ,1,Overpriced item. You can find better quality for half the price.,0,0,General
85152,HAND OVER THE CHOCOLATE   SIGN ,1,Felt ripped off. Cost too much for something that looks cheap.,0,6,General
85152,HAND OVER THE CHOCOLATE   SIGN ,3,Felt ripped off. Cost too much for something that looks cheap.,0,9,General
22652,TRAVEL SEWING KIT,5,"Great purchase, looks amazing and very comfortable to wear.",1,7,General
22652,TRAVEL SEWING KIT,5,"Great purchase, looks amazing and very comfortable to wear.",1,5,General
22652,TRAVEL SEWING KIT,4,"Great purchase, looks amazing and very comfortable to wear.",1,6,General
22652,TRAVEL SEWING KIT,4,"High quality fabric, beautiful color, would definitely buy again!",1,5,General
22652,TRAVEL SEWING KIT,4,"Excellent item, super fast delivery and true to size.",1,8,General
22188,BLACK HEART CARD HOLDER,4,"Excellent item, super fast delivery and true to size.",1,1,General
22188,BLACK HEART CARD HOLDER,5,Absolutely gorgeous item! Exceeded my expectations.,1,5,General
22188,BLACK HEART CARD HOLDER,5,"High quality fabric, beautiful color, would definitely buy again!",1,9,General
22188,BLACK HEART CARD HOLDER,4,Love this product! The quality is fantastic and fits perfectly.,1,5,General
22188,BLACK HEART CARD HOLDER,4,Love this product! The quality is fantastic and fits perfectly.,1,3,General
21314,SMALL GLASS HEART TRINKET POT,5,Absolutely gorgeous item! Exceeded my expectations.,1,0,General
21314,SMALL GLASS HEART TRINKET POT,5,"High quality fabric, beautiful color, would definitely buy again!",1,8,General
21314,SMALL GLASS HEART TRINKET POT,4,"Great purchase, looks amazing and very comfortable to wear.",1,5,General
21314,SMALL GLASS HEART TRINKET POT,5,"High quality fabric, beautiful color, would definitely buy again!",1,4,General
22730,ALARM CLOCK BAKELIKE IVORY,5,"Excellent item, super fast delivery and true to size.",1,8,General
22730,ALARM CLOCK BAKELIKE IVORY,5,Absolutely gorgeous item! Exceeded my expectations.,1,0,General
22730,ALARM CLOCK BAKELIKE IVORY,4,Love this product! The quality is fantastic and fits perfectly.,1,3,General
22730,ALARM CLOCK BAKELIKE IVORY,4,Love this product! The quality is fantastic and fits perfectly.,1,3,General
22730,ALARM CLOCK BAKELIKE IVORY,4,"High quality fabric, beautiful color, would definitely buy again!",1,9,General
22730,ALARM CLOCK BAKELIKE IVORY,4,"Excellent item, super fast delivery and true to size.",1,9,General
22730,ALARM CLOCK BAKELIKE IVORY,5,Love this product! The quality is fantastic and fits perfectly.,1,1,General
22730,ALARM CLOCK BAKELIKE IVORY,5,"High quality fabric, beautiful color, would definitely buy again!",1,1,General
22729,ALARM CLOCK BAKELIKE ORANGE,5,Love this product! The quality is fantastic and fits perfectly.,1,3,General
22729,ALARM CLOCK BAKELIKE ORANGE,4,Absolutely gorgeous item! Exceeded my expectations.,1,8,General
22729,ALARM CLOCK BAKELIKE ORANGE,5,"High quality fabric, beautiful color, would definitely buy again!",1,2,General
22729,ALARM CLOCK BAKELIKE ORANGE,4,"Excellent item, super fast delivery and true to size.",1,8,General
22729,ALARM CLOCK BAKELIKE ORANGE,5,Love this product! The quality is fantastic and fits perfectly.,1,1,General
22729,ALARM CLOCK BAKELIKE ORANGE,4,"Excellent item, super fast delivery and true to size.",1,7,General
22729,ALARM CLOCK BAKELIKE ORANGE,4,Love this product! The quality is fantastic and fits perfectly.,1,6,General
22867,HAND WARMER BIRD DESIGN,4,Love this product! The quality is fantastic and fits perfectly.,1,4,General
22867,HAND WARMER BIRD DESIGN,5,"High quality fabric, beautiful color, would definitely buy again!",1,1,General
22867,HAND WARMER BIRD DESIGN,4,"High quality fabric, beautiful color, would definitely buy again!",1,1,General
22867,HAND WARMER BIRD DESIGN,5,"High quality fabric, beautiful color, would definitely buy again!",1,9,General
22867,HAND WARMER BIRD DESIGN,4,Love this product! The quality is fantastic and fits perfectly.,1,1,General
22867,HAND WARMER BIRD DESIGN,5,"Great purchase, looks amazing and very comfortable to wear.",1,5,General
22803,IVORY EMBROIDERED QUILT ,4,"High quality fabric, beautiful color, would definitely buy again!",1,7,General
22803,IVORY EMBROIDERED QUILT ,5,"High quality fabric, beautiful color, would definitely buy again!",1,5,General
22803,IVORY EMBROIDERED QUILT ,4,Love this product! The quality is fantastic and fits perfectly.,1,7,General
22803,IVORY EMBROIDERED QUILT ,5,"High quality fabric, beautiful color, would definitely buy again!",1,7,General
22803,IVORY EMBROIDERED QUILT ,5,"High quality fabric, beautiful color, would definitely buy again!",1,9,General
22803,IVORY EMBROIDERED QUILT ,4,Love this product! The quality is fantastic and fits perfectly.,1,5,General
35004B,SET OF 3 BLACK FLYING DUCKS,1,Overpriced for what it is. The material feels cheap for this price point.,0,5,General
35004B,SET OF 3 BLACK FLYING DUCKS,1,Overpriced for what it is. The material feels cheap for this price point.,0,1,General
35004B,SET OF 3 BLACK FLYING DUCKS,3,Overpriced item. You can find better quality for half the price.,0,4,General
35004B,SET OF 3 BLACK FLYING DUCKS,1,Not worth the money. Very expensive for such basic quality.,0,9,General
35004B,SET OF 3 BLACK FLYING DUCKS,3,Felt ripped off. Cost too much for something that looks cheap.,0,5,General
35004B,SET OF 3 BLACK FLYING DUCKS,2,Not worth the money. Very expensive for such basic quality.,0,4,General
35004B,SET OF 3 BLACK FLYING DUCKS,2,Felt ripped off. Cost too much for something that looks cheap.,0,1,General
35004B,SET OF 3 BLACK FLYING DUCKS,2,Felt ripped off. Cost too much for something that looks cheap.,0,9,General
35004B,SET OF 3 BLACK FLYING DUCKS,1,Overpriced for what it is. The material feels cheap for this price point.,0,3,General
21844,RED RETROSPOT MUG,3,"Way too small! Order at least two sizes up, the sleeves are very tight.",0,5,General
21844,RED RETROSPOT MUG,3,Runs very large and baggy. Had to return it for a smaller size.,0,0,General
21844,RED RETROSPOT MUG,3,The fit is very awkward and much shorter than shown in photos.,0,5,General
21844,RED RETROSPOT MUG,1,Sizing is completely off. It fits loose around the waist but tight on shoulders.,0,0,General
21844,RED RETROSPOT MUG,2,Sizing is completely off. It fits loose around the waist but tight on shoulders.,0,4,General
21844,RED RETROSPOT MUG,1,Runs very large and baggy. Had to return it for a smaller size.,0,4,General
21844,RED RETROSPOT MUG,2,"Way too small! Order at least two sizes up, the sleeves are very tight.",0,4,General
21844,RED RETROSPOT MUG,3,Sizing is completely off. It fits loose around the waist but tight on shoulders.,0,2,General
21844,RED RETROSPOT MUG,3,"Way too small! Order at least two sizes up, the sleeves are very tight.",0,3,General
22468,BABUSHKA LIGHTS STRING OF 10,4,Absolutely gorgeous item! Exceeded my expectations.,1,3,General
22468,BABUSHKA LIGHTS STRING OF 10,5,"Excellent item, super fast delivery and true to size.",1,7,General
22468,BABUSHKA LIGHTS STRING OF 10,4,"Great purchase, looks amazing and very comfortable to wear.",1,8,General
22468,BABUSHKA LIGHTS STRING OF 10,4,Absolutely gorgeous item! Exceeded my expectations.,1,9,General
22468,BABUSHKA LIGHTS STRING OF 10,5,"Excellent item, super fast delivery and true to size.",1,8,General
22468,BABUSHKA LIGHTS STRING OF 10,4,Absolutely gorgeous item! Exceeded my expectations.,1,6,General
48185,DOORMAT FAIRY CAKE,2,Ripped along the seam after just one wash. Poor material quality.,0,0,General
48185,DOORMAT FAIRY CAKE,2,Ripped along the seam after just one wash. Poor material quality.,0,6,General
48185,DOORMAT FAIRY CAKE,1,"Quality is poor, threads coming loose everywhere.",0,0,General
48185,DOORMAT FAIRY CAKE,1,Disappointed with the material. Fabric is paper thin and see-through.,0,8,General
48185,DOORMAT FAIRY CAKE,3,Ripped along the seam after just one wash. Poor material quality.,0,2,General
48185,DOORMAT FAIRY CAKE,2,Color faded immediately after washing. Very rough fabric.,0,8,General
21232,STRAWBERRY CERAMIC TRINKET BOX,3,Disappointed with the material. Fabric is paper thin and see-through.,0,2,General
21232,STRAWBERRY CERAMIC TRINKET BOX,1,Ripped along the seam after just one wash. Poor material quality.,0,5,General
21232,STRAWBERRY CERAMIC TRINKET BOX,1,Disappointed with the material. Fabric is paper thin and see-through.,0,4,General
21232,STRAWBERRY CERAMIC TRINKET BOX,1,Color faded immediately after washing. Very rough fabric.,0,3,General
21232,STRAWBERRY CERAMIC TRINKET BOX,3,Color faded immediately after washing. Very rough fabric.,0,0,General
21232,STRAWBERRY CERAMIC TRINKET BOX,1,Color faded immediately after washing. Very rough fabric.,0,1,General
21232,STRAWBERRY CERAMIC TRINKET BOX,2,Disappointed with the material. Fabric is paper thin and see-through.,0,1,General
21232,STRAWBERRY CERAMIC TRINKET BOX,2,Ripped along the seam after just one wash. Poor material quality.,0,5,General
21232,STRAWBERRY CERAMIC TRINKET BOX,2,Disappointed with the material. Fabric is paper thin and see-through.,0,0,General
22064,PINK DOUGHNUT TRINKET POT ,5,"Great purchase, looks amazing and very comfortable to wear.",1,2,General
22064,PINK DOUGHNUT TRINKET POT ,5,"Excellent item, super fast delivery and true to size.",1,8,General
22064,PINK DOUGHNUT TRINKET POT ,5,"Great purchase, looks amazing and very comfortable to wear.",1,6,General
22064,PINK DOUGHNUT TRINKET POT ,5,"High quality fabric, beautiful color, would definitely buy again!",1,7,General
22064,PINK DOUGHNUT TRINKET POT ,4,"High quality fabric, beautiful color, would definitely buy again!",1,8,General
22449,SILK PURSE BABUSHKA PINK,4,"High quality fabric, beautiful color, would definitely buy again!",1,9,General
22449,SILK PURSE BABUSHKA PINK,4,"Great purchase, looks amazing and very comfortable to wear.",1,1,General
22449,SILK PURSE BABUSHKA PINK,4,"Great purchase, looks amazing and very comfortable to wear.",1,5,General
22835,HOT WATER BOTTLE I AM SO POORLY,1,"Way too small! Order at least two sizes up, the sleeves are very tight.",0,6,General
22835,HOT WATER BOTTLE I AM SO POORLY,2,Runs very large and baggy. Had to return it for a smaller size.,0,0,General
22835,HOT WATER BOTTLE I AM SO POORLY,1,The fit is very awkward and much shorter than shown in photos.,0,4,General
22112,CHOCOLATE HOT WATER BOTTLE,2,Felt ripped off. Cost too much for something that looks cheap.,0,0,General
22112,CHOCOLATE HOT WATER BOTTLE,1,Felt ripped off. Cost too much for something that looks cheap.,0,0,General
22112,CHOCOLATE HOT WATER BOTTLE,2,Overpriced for what it is. The material feels cheap for this price point.,0,0,General
22112,CHOCOLATE HOT WATER BOTTLE,1,Felt ripped off. Cost too much for something that looks cheap.,0,2,General
22112,CHOCOLATE HOT WATER BOTTLE,1,Felt ripped off. Cost too much for something that looks cheap.,0,4,General
21479,WHITE SKULL HOT WATER BOTTLE ,4,"Excellent item, super fast delivery and true to size.",1,7,General
21479,WHITE SKULL HOT WATER BOTTLE ,4,Love this product! The quality is fantastic and fits perfectly.,1,8,General
21479,WHITE SKULL HOT WATER BOTTLE ,4,Love this product! The quality is fantastic and fits perfectly.,1,2,General
21479,WHITE SKULL HOT WATER BOTTLE ,4,Love this product! The quality is fantastic and fits perfectly.,1,2,General
21479,WHITE SKULL HOT WATER BOTTLE ,5,"High quality fabric, beautiful color, would definitely buy again!",1,8,General
21479,WHITE SKULL HOT WATER BOTTLE ,4,Absolutely gorgeous item! Exceeded my expectations.,1,2,General
21479,WHITE SKULL HOT WATER BOTTLE ,4,"High quality fabric, beautiful color, would definitely buy again!",1,8,General
21479,WHITE SKULL HOT WATER BOTTLE ,4,"Great purchase, looks amazing and very comfortable to wear.",1,1,General
21479,WHITE SKULL HOT WATER BOTTLE ,4,"Excellent item, super fast delivery and true to size.",1,8,General
21479,WHITE SKULL HOT WATER BOTTLE ,4,"Excellent item, super fast delivery and true to size.",1,3,General
21479,WHITE SKULL HOT WATER BOTTLE ,4,Love this product! The quality is fantastic and fits perfectly.,1,1,General
22111,SCOTTIE DOG HOT WATER BOTTLE,5,"Excellent item, super fast delivery and true to size.",1,9,General
22111,SCOTTIE DOG HOT WATER BOTTLE,4,Absolutely gorgeous item! Exceeded my expectations.,1,2,General
22111,SCOTTIE DOG HOT WATER BOTTLE,5,"High quality fabric, beautiful color, would definitely buy again!",1,7,General
22111,SCOTTIE DOG HOT WATER BOTTLE,4,"High quality fabric, beautiful color, would definitely buy again!",1,3,General
22111,SCOTTIE DOG HOT WATER BOTTLE,5,"High quality fabric, beautiful color, would definitely buy again!",1,3,General
22111,SCOTTIE DOG HOT WATER BOTTLE,5,"High quality fabric, beautiful color, would definitely buy again!",1,1,General
22111,SCOTTIE DOG HOT WATER BOTTLE,4,Love this product! The quality is fantastic and fits perfectly.,1,1,General
22111,SCOTTIE DOG HOT WATER BOTTLE,5,Absolutely gorgeous item! Exceeded my expectations.,1,8,General
22110,BIRD HOUSE HOT WATER BOTTLE,2,Sizing is completely off. It fits loose around the waist but tight on shoulders.,0,4,General
22110,BIRD HOUSE HOT WATER BOTTLE,1,Runs very large and baggy. Had to return it for a smaller size.,0,6,General
22110,BIRD HOUSE HOT WATER BOTTLE,2,Runs very large and baggy. Had to return it for a smaller size.,0,3,General
22110,BIRD HOUSE HOT WATER BOTTLE,3,"Way too small! Order at least two sizes up, the sleeves are very tight.",0,4,General
22110,BIRD HOUSE HOT WATER BOTTLE,1,The fit is very awkward and much shorter than shown in photos.,0,6,General
22110,BIRD HOUSE HOT WATER BOTTLE,1,Runs very large and baggy. Had to return it for a smaller size.,0,5,General
22110,BIRD HOUSE HOT WATER BOTTLE,2,"Way too small! Order at least two sizes up, the sleeves are very tight.",0,0,General
22110,BIRD HOUSE HOT WATER BOTTLE,3,Runs very large and baggy. Had to return it for a smaller size.,0,2,General
22110,BIRD HOUSE HOT WATER BOTTLE,2,"Way too small! Order at least two sizes up, the sleeves are very tight.",0,3,General
22110,BIRD HOUSE HOT WATER BOTTLE,1,Sizing is completely off. It fits loose around the waist but tight on shoulders.,0,4,General
22110,BIRD HOUSE HOT WATER BOTTLE,2,Sizing is completely off. It fits loose around the waist but tight on shoulders.,0,9,General
22098,BOUDOIR SQUARE TISSUE BOX,4,"High quality fabric, beautiful color, would definitely buy again!",1,7,General
22098,BOUDOIR SQUARE TISSUE BOX,4,Absolutely gorgeous item! Exceeded my expectations.,1,1,General
22098,BOUDOIR SQUARE TISSUE BOX,5,"Excellent item, super fast delivery and true to size.",1,0,General
22098,BOUDOIR SQUARE TISSUE BOX,5,"Great purchase, looks amazing and very comfortable to wear.",1,1,General
22098,BOUDOIR SQUARE TISSUE BOX,4,"Excellent item, super fast delivery and true to size.",1,9,General
22098,BOUDOIR SQUARE TISSUE BOX,5,"Great purchase, looks amazing and very comfortable to wear.",1,0,General
22098,BOUDOIR SQUARE TISSUE BOX,4,Love this product! The quality is fantastic and fits perfectly.,1,2,General
22098,BOUDOIR SQUARE TISSUE BOX,5,"High quality fabric, beautiful color, would definitely buy again!",1,0,General
22100,SKULLS SQUARE TISSUE BOX,5,"Great purchase, looks amazing and very comfortable to wear.",1,3,General
22100,SKULLS SQUARE TISSUE BOX,4,"Great purchase, looks amazing and very comfortable to wear.",1,4,General
22100,SKULLS SQUARE TISSUE BOX,5,"Excellent item, super fast delivery and true to size.",1,6,General
22100,SKULLS SQUARE TISSUE BOX,5,"Excellent item, super fast delivery and true to size.",1,4,General
22100,SKULLS SQUARE TISSUE BOX,5,"Excellent item, super fast delivery and true to size.",1,0,General
22100,SKULLS SQUARE TISSUE BOX,5,"Excellent item, super fast delivery and true to size.",1,0,General
22100,SKULLS SQUARE TISSUE BOX,4,Absolutely gorgeous item! Exceeded my expectations.,1,5,General
22766,PHOTO FRAME CORNICE,4,"High quality fabric, beautiful color, would definitely buy again!",1,4,General
22766,PHOTO FRAME CORNICE,5,"Excellent item, super fast delivery and true to size.",1,1,General
22766,PHOTO FRAME CORNICE,5,Love this product! The quality is fantastic and fits perfectly.,1,7,General
22766,PHOTO FRAME CORNICE,4,Absolutely gorgeous item! Exceeded my expectations.,1,7,General
22766,PHOTO FRAME CORNICE,5,Absolutely gorgeous item! Exceeded my expectations.,1,1,General
22766,PHOTO FRAME CORNICE,5,"Great purchase, looks amazing and very comfortable to wear.",1,0,General
22766,PHOTO FRAME CORNICE,5,Absolutely gorgeous item! Exceeded my expectations.,1,5,General
22451,SILK PURSE BABUSHKA RED,4,"Excellent item, super fast delivery and true to size.",1,9,General
22451,SILK PURSE BABUSHKA RED,4,"High quality fabric, beautiful color, would definitely buy again!",1,2,General
22451,SILK PURSE BABUSHKA RED,4,Absolutely gorgeous item! Exceeded my expectations.,1,0,General
22451,SILK PURSE BABUSHKA RED,5,"High quality fabric, beautiful color, would definitely buy again!",1,4,General
22451,SILK PURSE BABUSHKA RED,5,"High quality fabric, beautiful color, would definitely buy again!",1,4,General
22451,SILK PURSE BABUSHKA RED,5,"High quality fabric, beautiful color, would definitely buy again!",1,5,General
22549,PICTURE DOMINOES,4,"Great purchase, looks amazing and very comfortable to wear.",1,3,General
22549,PICTURE DOMINOES,5,"High quality fabric, beautiful color, would definitely buy again!",1,2,General
22549,PICTURE DOMINOES,5,"High quality fabric, beautiful color, would definitely buy again!",1,4,General
22549,PICTURE DOMINOES,4,Absolutely gorgeous item! Exceeded my expectations.,1,9,General
22549,PICTURE DOMINOES,4,"High quality fabric, beautiful color, would definitely buy again!",1,3,General
22549,PICTURE DOMINOES,4,Absolutely gorgeous item! Exceeded my expectations.,1,2,General
22549,PICTURE DOMINOES,5,"High quality fabric, beautiful color, would definitely buy again!",1,9,General
22549,PICTURE DOMINOES,4,Absolutely gorgeous item! Exceeded my expectations.,1,8,General
22549,PICTURE DOMINOES,5,"Excellent item, super fast delivery and true to size.",1,2,General
22549,PICTURE DOMINOES,5,"High quality fabric, beautiful color, would definitely buy again!",1,1,General
84744,S/6 SEW ON CROCHET FLOWERS,4,"High quality fabric, beautiful color, would definitely buy again!",1,2,General
84744,S/6 SEW ON CROCHET FLOWERS,5,Absolutely gorgeous item! Exceeded my expectations.,1,1,General
84744,S/6 SEW ON CROCHET FLOWERS,5,"Excellent item, super fast delivery and true to size.",1,0,General
84744,S/6 SEW ON CROCHET FLOWERS,5,"Great purchase, looks amazing and very comfortable to wear.",1,5,General
84744,S/6 SEW ON CROCHET FLOWERS,5,Love this product! The quality is fantastic and fits perfectly.,1,1,General
84744,S/6 SEW ON CROCHET FLOWERS,4,"High quality fabric, beautiful color, would definitely buy again!",1,5,General
84744,S/6 SEW ON CROCHET FLOWERS,5,"Great purchase, looks amazing and very comfortable to wear.",1,6,General
85049E,SCANDINAVIAN REDS RIBBONS,1,Color faded immediately after washing. Very rough fabric.,0,8,General
85049E,SCANDINAVIAN REDS RIBBONS,2,Disappointed with the material. Fabric is paper thin and see-through.,0,9,General
85049E,SCANDINAVIAN REDS RIBBONS,3,Ripped along the seam after just one wash. Poor material quality.,0,0,General
85049E,SCANDINAVIAN REDS RIBBONS,3,"Quality is poor, threads coming loose everywhere.",0,3,General
85049E,SCANDINAVIAN REDS RIBBONS,3,Disappointed with the material. Fabric is paper thin and see-through.,0,7,General
85049E,SCANDINAVIAN REDS RIBBONS,2,"Quality is poor, threads coming loose everywhere.",0,5,General
85049E,SCANDINAVIAN REDS RIBBONS,3,Ripped along the seam after just one wash. Poor material quality.,0,0,General
21328,BALLOONS  WRITING SET ,2,Overpriced item. You can find better quality for half the price.,0,0,General
21328,BALLOONS  WRITING SET ,3,Felt ripped off. Cost too much for something that looks cheap.,0,7,General
21328,BALLOONS  WRITING SET ,2,Not worth the money. Very expensive for such basic quality.,0,5,General
21328,BALLOONS  WRITING SET ,2,Felt ripped off. Cost too much for something that looks cheap.,0,1,General
17091A,LAVENDER INCENSE IN TIN,2,Sizing is completely off. It fits loose around the waist but tight on shoulders.,0,9,General
17091A,LAVENDER INCENSE IN TIN,3,The fit is very awkward and much shorter than shown in photos.,0,5,General
17091A,LAVENDER INCENSE IN TIN,1,Runs very large and baggy. Had to return it for a smaller size.,0,7,General
17091A,LAVENDER INCENSE IN TIN,2,Sizing is completely off. It fits loose around the waist but tight on shoulders.,0,0,General
17091A,LAVENDER INCENSE IN TIN,3,Runs very large and baggy. Had to return it for a smaller size.,0,6,General
17091A,LAVENDER INCENSE IN TIN,1,Runs very large and baggy. Had to return it for a smaller size.,0,7,General
17091A,LAVENDER INCENSE IN TIN,3,Runs very large and baggy. Had to return it for a smaller size.,0,4,General
17091A,LAVENDER INCENSE IN TIN,3,The fit is very awkward and much shorter than shown in photos.,0,8,General
22473,TV DINNER TRAY VINTAGE PAISLEY,2,Disappointed with the material. Fabric is paper thin and see-through.,0,0,General
22473,TV DINNER TRAY VINTAGE PAISLEY,3,Color faded immediately after washing. Very rough fabric.,0,6,General
22473,TV DINNER TRAY VINTAGE PAISLEY,3,Disappointed with the material. Fabric is paper thin and see-through.,0,4,General
22473,TV DINNER TRAY VINTAGE PAISLEY,2,Ripped along the seam after just one wash. Poor material quality.,0,3,General
22473,TV DINNER TRAY VINTAGE PAISLEY,3,"Quality is poor, threads coming loose everywhere.",0,4,General
22473,TV DINNER TRAY VINTAGE PAISLEY,1,Color faded immediately after washing. Very rough fabric.,0,0,General
84509A,SET OF 4 ENGLISH ROSE PLACEMATS,3,Ripped along the seam after just one wash. Poor material quality.,0,1,General
84509A,SET OF 4 ENGLISH ROSE PLACEMATS,3,Ripped along the seam after just one wash. Poor material quality.,0,9,General
84509A,SET OF 4 ENGLISH ROSE PLACEMATS,3,Ripped along the seam after just one wash. Poor material quality.,0,3,General
84509A,SET OF 4 ENGLISH ROSE PLACEMATS,2,Ripped along the seam after just one wash. Poor material quality.,0,7,General
84509A,SET OF 4 ENGLISH ROSE PLACEMATS,3,Ripped along the seam after just one wash. Poor material quality.,0,4,General
84510A,SET OF 4 ENGLISH ROSE COASTERS,5,Love this product! The quality is fantastic and fits perfectly.,1,7,General
84510A,SET OF 4 ENGLISH ROSE COASTERS,5,"Excellent item, super fast delivery and true to size.",1,6,General
84510A,SET OF 4 ENGLISH ROSE COASTERS,5,"High quality fabric, beautiful color, would definitely buy again!",1,7,General
84510A,SET OF 4 ENGLISH ROSE COASTERS,5,Absolutely gorgeous item! Exceeded my expectations.,1,7,General
84510A,SET OF 4 ENGLISH ROSE COASTERS,5,"Excellent item, super fast delivery and true to size.",1,6,General
84510A,SET OF 4 ENGLISH ROSE COASTERS,4,"Excellent item, super fast delivery and true to size.",1,3,General
84510A,SET OF 4 ENGLISH ROSE COASTERS,4,Absolutely gorgeous item! Exceeded my expectations.,1,3,General
22767,TRIPLE PHOTO FRAME CORNICE ,4,"Excellent item, super fast delivery and true to size.",1,1,General
22767,TRIPLE PHOTO FRAME CORNICE ,4,"Great purchase, looks amazing and very comfortable to wear.",1,6,General
22767,TRIPLE PHOTO FRAME CORNICE ,5,"High quality fabric, beautiful color, would definitely buy again!",1,4,General
22767,TRIPLE PHOTO FRAME CORNICE ,5,"Great purchase, looks amazing and very comfortable to wear.",1,7,General
22767,TRIPLE PHOTO FRAME CORNICE ,5,"High quality fabric, beautiful color, would definitely buy again!",1,6,General
22767,TRIPLE PHOTO FRAME CORNICE ,4,Love this product! The quality is fantastic and fits perfectly.,1,6,General
22767,TRIPLE PHOTO FRAME CORNICE ,4,"Great purchase, looks amazing and very comfortable to wear.",1,6,General
22767,TRIPLE PHOTO FRAME CORNICE ,4,"Great purchase, looks amazing and very comfortable to wear.",1,7,General
22768,FAMILY PHOTO FRAME CORNICE,4,Absolutely gorgeous item! Exceeded my expectations.,1,1,General
22768,FAMILY PHOTO FRAME CORNICE,5,"High quality fabric, beautiful color, would definitely buy again!",1,7,General
22768,FAMILY PHOTO FRAME CORNICE,4,Love this product! The quality is fantastic and fits perfectly.,1,9,General
22768,FAMILY PHOTO FRAME CORNICE,4,Absolutely gorgeous item! Exceeded my expectations.,1,8,General
22768,FAMILY PHOTO FRAME CORNICE,5,"Excellent item, super fast delivery and true to size.",1,4,General
22768,FAMILY PHOTO FRAME CORNICE,4,"Great purchase, looks amazing and very comfortable to wear.",1,8,General
22768,FAMILY PHOTO FRAME CORNICE,5,"Excellent item, super fast delivery and true to size.",1,5,General
22768,FAMILY PHOTO FRAME CORNICE,5,"High quality fabric, beautiful color, would definitely buy again!",1,6,General
21463,MIRRORED DISCO BALL ,4,"Excellent item, super fast delivery and true to size.",1,8,General
21463,MIRRORED DISCO BALL ,4,Absolutely gorgeous item! Exceeded my expectations.,1,0,General
21463,MIRRORED DISCO BALL ,4,Love this product! The quality is fantastic and fits perfectly.,1,5,General
21463,MIRRORED DISCO BALL ,4,"High quality fabric, beautiful color, would definitely buy again!",1,8,General
21464,DISCO BALL ROTATOR BATTERY OPERATED,5,"Excellent item, super fast delivery and true to size.",1,6,General
21464,DISCO BALL ROTATOR BATTERY OPERATED,4,Love this product! The quality is fantastic and fits perfectly.,1,5,General
21464,DISCO BALL ROTATOR BATTERY OPERATED,4,"Excellent item, super fast delivery and true to size.",1,2,General
21464,DISCO BALL ROTATOR BATTERY OPERATED,4,"Excellent item, super fast delivery and true to size.",1,5,General
21464,DISCO BALL ROTATOR BATTERY OPERATED,5,"Great purchase, looks amazing and very comfortable to wear.",1,5,General
21464,DISCO BALL ROTATOR BATTERY OPERATED,5,Absolutely gorgeous item! Exceeded my expectations.,1,7,General
21464,DISCO BALL ROTATOR BATTERY OPERATED,5,Love this product! The quality is fantastic and fits perfectly.,1,2,General
21464,DISCO BALL ROTATOR BATTERY OPERATED,4,"Great purchase, looks amazing and very comfortable to wear.",1,0,General
20820,SILVER LOOKING MIRROR,1,Not worth the money. Very expensive for such basic quality.,0,8,General
20820,SILVER LOOKING MIRROR,2,Felt ripped off. Cost too much for something that looks cheap.,0,4,General
20820,SILVER LOOKING MIRROR,3,Not worth the money. Very expensive for such basic quality.,0,5,General
20820,SILVER LOOKING MIRROR,1,Overpriced item. You can find better quality for half the price.,0,9,General
20820,SILVER LOOKING MIRROR,1,Not worth the money. Very expensive for such basic quality.,0,3,General
20820,SILVER LOOKING MIRROR,1,Overpriced item. You can find better quality for half the price.,0,0,General
20820,SILVER LOOKING MIRROR,1,Not worth the money. Very expensive for such basic quality.,0,0,General
85150,LADIES & GENTLEMEN METAL SIGN,5,"Great purchase, looks amazing and very comfortable to wear.",1,1,General
85150,LADIES & GENTLEMEN METAL SIGN,4,"High quality fabric, beautiful color, would definitely buy again!",1,6,General
85150,LADIES & GENTLEMEN METAL SIGN,5,"High quality fabric, beautiful color, would definitely buy again!",1,6,General
22117,METAL SIGN HER DINNER IS SERVED ,5,Absolutely gorgeous item! Exceeded my expectations.,1,6,General
22117,METAL SIGN HER DINNER IS SERVED ,5,"Great purchase, looks amazing and very comfortable to wear.",1,1,General
22117,METAL SIGN HER DINNER IS SERVED ,5,Love this product! The quality is fantastic and fits perfectly.,1,6,General
22117,METAL SIGN HER DINNER IS SERVED ,5,Absolutely gorgeous item! Exceeded my expectations.,1,1,General
22117,METAL SIGN HER DINNER IS SERVED ,5,Absolutely gorgeous item! Exceeded my expectations.,1,1,General
22117,METAL SIGN HER DINNER IS SERVED ,4,Absolutely gorgeous item! Exceeded my expectations.,1,4,General
22117,METAL SIGN HER DINNER IS SERVED ,5,Absolutely gorgeous item! Exceeded my expectations.,1,6,General
22117,METAL SIGN HER DINNER IS SERVED ,5,Love this product! The quality is fantastic and fits perfectly.,1,2,General
22117,METAL SIGN HER DINNER IS SERVED ,4,"Excellent item, super fast delivery and true to size.",1,8,General
22117,METAL SIGN HER DINNER IS SERVED ,5,"Excellent item, super fast delivery and true to size.",1,4,General
22117,METAL SIGN HER DINNER IS SERVED ,5,"Excellent item, super fast delivery and true to size.",1,0,General
48129,DOORMAT TOPIARY,3,Ripped along the seam after just one wash. Poor material quality.,0,0,General
48129,DOORMAT TOPIARY,3,"Quality is poor, threads coming loose everywhere.",0,1,General
48129,DOORMAT TOPIARY,1,"Quality is poor, threads coming loose everywhere.",0,0,General
48129,DOORMAT TOPIARY,2,Disappointed with the material. Fabric is paper thin and see-through.,0,8,General
48129,DOORMAT TOPIARY,3,Disappointed with the material. Fabric is paper thin and see-through.,0,0,General
48129,DOORMAT TOPIARY,2,Color faded immediately after washing. Very rough fabric.,0,2,General
48129,DOORMAT TOPIARY,3,Color faded immediately after washing. Very rough fabric.,0,0,General
48129,DOORMAT TOPIARY,2,Disappointed with the material. Fabric is paper thin and see-through.,0,4,General
48129,DOORMAT TOPIARY,3,Disappointed with the material. Fabric is paper thin and see-through.,0,7,General
48129,DOORMAT TOPIARY,2,Ripped along the seam after just one wash. Poor material quality.,0,1,General
48129,DOORMAT TOPIARY,1,Ripped along the seam after just one wash. Poor material quality.,0,2,General
82580,BATHROOM METAL SIGN,4,Love this product! The quality is fantastic and fits perfectly.,1,2,General
82580,BATHROOM METAL SIGN,5,"High quality fabric, beautiful color, would definitely buy again!",1,0,General
82580,BATHROOM METAL SIGN,4,Absolutely gorgeous item! Exceeded my expectations.,1,1,General
82580,BATHROOM METAL SIGN,4,"High quality fabric, beautiful color, would definitely buy again!",1,0,General
82580,BATHROOM METAL SIGN,5,"High quality fabric, beautiful color, would definitely buy again!",1,5,General
82580,BATHROOM METAL SIGN,5,"Excellent item, super fast delivery and true to size.",1,5,General
82580,BATHROOM METAL SIGN,4,Absolutely gorgeous item! Exceeded my expectations.,1,3,General
82580,BATHROOM METAL SIGN,5,"Excellent item, super fast delivery and true to size.",1,9,General
82580,BATHROOM METAL SIGN,4,Love this product! The quality is fantastic and fits perfectly.,1,3,General
82580,BATHROOM METAL SIGN,4,"Great purchase, looks amazing and very comfortable to wear.",1,3,General
82580,BATHROOM METAL SIGN,5,"Great purchase, looks amazing and very comfortable to wear.",1,0,General
82578,KITCHEN METAL SIGN,2,Overpriced item. You can find better quality for half the price.,0,2,General
82578,KITCHEN METAL SIGN,3,Not worth the money. Very expensive for such basic quality.,0,7,General
82578,KITCHEN METAL SIGN,3,Overpriced item. You can find better quality for half the price.,0,0,General
82578,KITCHEN METAL SIGN,2,Not worth the money. Very expensive for such basic quality.,0,7,General
82578,KITCHEN METAL SIGN,3,Overpriced for what it is. The material feels cheap for this price point.,0,7,General
82578,KITCHEN METAL SIGN,2,Overpriced item. You can find better quality for half the price.,0,3,General
82578,KITCHEN METAL SIGN,3,Not worth the money. Very expensive for such basic quality.,0,8,General
82578,KITCHEN METAL SIGN,3,Felt ripped off. Cost too much for something that looks cheap.,0,7,General
82578,KITCHEN METAL SIGN,2,Felt ripped off. Cost too much for something that looks cheap.,0,8,General
82581,TOILET METAL SIGN,2,Ripped along the seam after just one wash. Poor material quality.,0,5,General
82581,TOILET METAL SIGN,1,Ripped along the seam after just one wash. Poor material quality.,0,9,General
82581,TOILET METAL SIGN,2,"Quality is poor, threads coming loose everywhere.",0,2,General
82581,TOILET METAL SIGN,1,Color faded immediately after washing. Very rough fabric.,0,2,General
82581,TOILET METAL SIGN,3,Ripped along the seam after just one wash. Poor material quality.,0,0,General
22413,METAL SIGN TAKE IT OR LEAVE IT ,5,Absolutely gorgeous item! Exceeded my expectations.,1,9,General
22413,METAL SIGN TAKE IT OR LEAVE IT ,4,"Great purchase, looks amazing and very comfortable to wear.",1,1,General
22413,METAL SIGN TAKE IT OR LEAVE IT ,5,"Excellent item, super fast delivery and true to size.",1,6,General
22413,METAL SIGN TAKE IT OR LEAVE IT ,4,"Excellent item, super fast delivery and true to size.",1,6,General
22413,METAL SIGN TAKE IT OR LEAVE IT ,5,Love this product! The quality is fantastic and fits perfectly.,1,8,General
22413,METAL SIGN TAKE IT OR LEAVE IT ,5,"Great purchase, looks amazing and very comfortable to wear.",1,2,General
22413,METAL SIGN TAKE IT OR LEAVE IT ,4,"Great purchase, looks amazing and very comfortable to wear.",1,8,General
22413,METAL SIGN TAKE IT OR LEAVE IT ,4,"Excellent item, super fast delivery and true to size.",1,3,General
22413,METAL SIGN TAKE IT OR LEAVE IT ,5,Absolutely gorgeous item! Exceeded my expectations.,1,0,General
22413,METAL SIGN TAKE IT OR LEAVE IT ,5,"Excellent item, super fast delivery and true to size.",1,9,General
22413,METAL SIGN TAKE IT OR LEAVE IT ,5,"Great purchase, looks amazing and very comfortable to wear.",1,3,General
21907,I'M ON HOLIDAY METAL SIGN,1,Overpriced for what it is. The material feels cheap for this price point.,0,9,General
21907,I'M ON HOLIDAY METAL SIGN,2,Overpriced for what it is. The material feels cheap for this price point.,0,0,General
21907,I'M ON HOLIDAY METAL SIGN,3,Felt ripped off. Cost too much for something that looks cheap.,0,6,General
21907,I'M ON HOLIDAY METAL SIGN,3,Overpriced item. You can find better quality for half the price.,0,1,General
21907,I'M ON HOLIDAY METAL SIGN,3,Overpriced for what it is. The material feels cheap for this price point.,0,5,General
21907,I'M ON HOLIDAY METAL SIGN,3,Overpriced item. You can find better quality for half the price.,0,2,General
21907,I'M ON HOLIDAY METAL SIGN,2,Overpriced item. You can find better quality for half the price.,0,9,General
21907,I'M ON HOLIDAY METAL SIGN,1,Overpriced for what it is. The material feels cheap for this price point.,0,7,General
21907,I'M ON HOLIDAY METAL SIGN,3,Felt ripped off. Cost too much for something that looks cheap.,0,4,General
21907,I'M ON HOLIDAY METAL SIGN,1,Not worth the money. Very expensive for such basic quality.,0,4,General
21907,I'M ON HOLIDAY METAL SIGN,1,Felt ripped off. Cost too much for something that looks cheap.,0,7,General
22441,GROW YOUR OWN BASIL IN ENAMEL MUG,4,Absolutely gorgeous item! Exceeded my expectations.,1,8,General
22441,GROW YOUR OWN BASIL IN ENAMEL MUG,5,"High quality fabric, beautiful color, would definitely buy again!",1,1,General
22441,GROW YOUR OWN BASIL IN ENAMEL MUG,5,Love this product! The quality is fantastic and fits perfectly.,1,2,General
22441,GROW YOUR OWN BASIL IN ENAMEL MUG,5,"High quality fabric, beautiful color, would definitely buy again!",1,6,General
22441,GROW YOUR OWN BASIL IN ENAMEL MUG,4,"Great purchase, looks amazing and very comfortable to wear.",1,7,General
22441,GROW YOUR OWN BASIL IN ENAMEL MUG,4,Absolutely gorgeous item! Exceeded my expectations.,1,5,General
22441,GROW YOUR OWN BASIL IN ENAMEL MUG,5,"Excellent item, super fast delivery and true to size.",1,8,General
22441,GROW YOUR OWN BASIL IN ENAMEL MUG,4,"Great purchase, looks amazing and very comfortable to wear.",1,7,General
21122,SET/10 PINK POLKADOT PARTY CANDLES,4,"Excellent item, super fast delivery and true to size.",1,0,General
21122,SET/10 PINK POLKADOT PARTY CANDLES,4,Absolutely gorgeous item! Exceeded my expectations.,1,0,General
21122,SET/10 PINK POLKADOT PARTY CANDLES,4,Love this product! The quality is fantastic and fits perfectly.,1,9,General
21122,SET/10 PINK POLKADOT PARTY CANDLES,4,"Great purchase, looks amazing and very comfortable to wear.",1,0,General
21122,SET/10 PINK POLKADOT PARTY CANDLES,4,"High quality fabric, beautiful color, would definitely buy again!",1,7,General
21122,SET/10 PINK POLKADOT PARTY CANDLES,4,Love this product! The quality is fantastic and fits perfectly.,1,5,General
21122,SET/10 PINK POLKADOT PARTY CANDLES,4,"Great purchase, looks amazing and very comfortable to wear.",1,0,General
21122,SET/10 PINK POLKADOT PARTY CANDLES,5,Love this product! The quality is fantastic and fits perfectly.,1,5,General
21122,SET/10 PINK POLKADOT PARTY CANDLES,5,"High quality fabric, beautiful color, would definitely buy again!",1,7,General
22851,SET 20 NAPKINS FAIRY CAKES DESIGN ,3,Overpriced for what it is. The material feels cheap for this price point.,0,0,General
22851,SET 20 NAPKINS FAIRY CAKES DESIGN ,1,Felt ripped off. Cost too much for something that looks cheap.,0,7,General
22851,SET 20 NAPKINS FAIRY CAKES DESIGN ,2,Felt ripped off. Cost too much for something that looks cheap.,0,4,General
22851,SET 20 NAPKINS FAIRY CAKES DESIGN ,2,Not worth the money. Very expensive for such basic quality.,0,0,General
22851,SET 20 NAPKINS FAIRY CAKES DESIGN ,1,Felt ripped off. Cost too much for something that looks cheap.,0,1,General
22851,SET 20 NAPKINS FAIRY CAKES DESIGN ,3,Not worth the money. Very expensive for such basic quality.,0,4,General
22851,SET 20 NAPKINS FAIRY CAKES DESIGN ,2,Not worth the money. Very expensive for such basic quality.,0,5,General
22851,SET 20 NAPKINS FAIRY CAKES DESIGN ,2,Felt ripped off. Cost too much for something that looks cheap.,0,1,General
